transformer_id,name,area,capacity_kva,meters,reading_date,energy_supplied,energy_billed
DT-001,Sector 4 DT-1,Sector 4,100,88,2026-07-03,722.74,674.34
DT-001,Sector 4 DT-1,Sector 4,100,88,2026-07-04,659.22,625.04
DT-001,Sector 4 DT-1,Sector 4,100,88,2026-07-05,784.33,731.44
DT-001,Sector 4 DT-1,Sector 4,100,88,2026-07-06,879.68,813.03
DT-001,Sector 4 DT-1,Sector 4,100,88,2026-07-07,794.93,750.63
DT-001,Sector 4 DT-1,Sector 4,100,88,2026-07-08,719.72,677.39
DT-001,Sector 4 DT-1,Sector 4,100,88,2026-07-09,752.58,711.66
DT-001,Sector 4 DT-1,Sector 4,100,88,2026-07-10,773.95,736.99
DT-001,Sector 4 DT-1,Sector 4,100,88,2026-07-11,797.61,755.27
DT-001,Sector 4 DT-1,Sector 4,100,88,2026-07-12,823.83,756.12
DT-001,Sector 4 DT-1,Sector 4,100,88,2026-07-13,826.03,797.93
DT-001,Sector 4 DT-1,Sector 4,100,88,2026-07-14,883.74,834.23
DT-001,Sector 4 DT-1,Sector 4,100,88,2026-07-15,783.05,730.85
DT-001,Sector 4 DT-1,Sector 4,100,88,2026-07-16,809.41,761.34
DT-001,Sector 4 DT-1,Sector 4,100,88,2026-07-17,902.93,840.72
DT-001,Sector 4 DT-1,Sector 4,100,88,2026-07-18,706.0,654.82
DT-001,Sector 4 DT-1,Sector 4,100,88,2026-07-19,868.16,808.95
DT-001,Sector 4 DT-1,Sector 4,100,88,2026-07-20,871.78,826.24
DT-001,Sector 4 DT-1,Sector 4,100,88,2026-07-21,842.74,802.6
DT-001,Sector 4 DT-1,Sector 4,100,88,2026-07-22,908.53,860.11
DT-001,Sector 4 DT-1,Sector 4,100,88,2026-07-23,922.69,884.63
DT-001,Sector 4 DT-1,Sector 4,100,88,2026-07-24,723.44,677.64
DT-001,Sector 4 DT-1,Sector 4,100,88,2026-07-25,877.33,803.35
DT-001,Sector 4 DT-1,Sector 4,100,88,2026-07-26,724.76,681.89
DT-001,Sector 4 DT-1,Sector 4,100,88,2026-07-27,886.03,820.0
DT-001,Sector 4 DT-1,Sector 4,100,88,2026-07-28,749.43,702.78
DT-001,Sector 4 DT-1,Sector 4,100,88,2026-07-29,751.68,690.85
DT-001,Sector 4 DT-1,Sector 4,100,88,2026-07-30,744.53,693.72
DT-001,Sector 4 DT-1,Sector 4,100,88,2026-07-31,751.32,721.41
DT-001,Sector 4 DT-1,Sector 4,100,88,2026-08-01,696.9,643.33
DT-001,Sector 4 DT-1,Sector 4,100,88,2026-08-02,855.89,794.99
DT-001,Sector 4 DT-1,Sector 4,100,88,2026-08-03,756.35,728.62
DT-001,Sector 4 DT-1,Sector 4,100,88,2026-08-04,794.98,760.67
DT-001,Sector 4 DT-1,Sector 4,100,88,2026-08-05,966.06,887.69
DT-001,Sector 4 DT-1,Sector 4,100,88,2026-08-06,746.89,698.77
DT-001,Sector 4 DT-1,Sector 4,100,88,2026-08-07,770.99,718.07
DT-001,Sector 4 DT-1,Sector 4,100,88,2026-08-08,795.65,747.83
DT-001,Sector 4 DT-1,Sector 4,100,88,2026-08-09,755.9,709.51
DT-001,Sector 4 DT-1,Sector 4,100,88,2026-08-10,864.56,796.04
DT-001,Sector 4 DT-1,Sector 4,100,88,2026-08-11,829.26,784.13
DT-001,Sector 4 DT-1,Sector 4,100,88,2026-08-12,858.03,808.04
DT-001,Sector 4 DT-1,Sector 4,100,88,2026-08-13,926.23,874.06
DT-001,Sector 4 DT-1,Sector 4,100,88,2026-08-14,916.23,846.06
DT-001,Sector 4 DT-1,Sector 4,100,88,2026-08-15,739.17,706.86
DT-001,Sector 4 DT-1,Sector 4,100,88,2026-08-16,712.3,666.22
DT-001,Sector 4 DT-1,Sector 4,100,88,2026-08-17,759.44,712.31
DT-001,Sector 4 DT-1,Sector 4,100,88,2026-08-18,744.55,701.44
DT-001,Sector 4 DT-1,Sector 4,100,88,2026-08-19,708.71,663.49
DT-001,Sector 4 DT-1,Sector 4,100,88,2026-08-20,751.56,698.85
DT-001,Sector 4 DT-1,Sector 4,100,88,2026-08-21,717.9,669.4
DT-001,Sector 4 DT-1,Sector 4,100,88,2026-08-22,897.97,838.61
DT-001,Sector 4 DT-1,Sector 4,100,88,2026-08-23,744.09,693.37
DT-001,Sector 4 DT-1,Sector 4,100,88,2026-08-24,755.74,692.2
DT-001,Sector 4 DT-1,Sector 4,100,88,2026-08-25,793.87,772.54
DT-001,Sector 4 DT-1,Sector 4,100,88,2026-08-26,831.05,776.72
DT-001,Sector 4 DT-1,Sector 4,100,88,2026-08-27,793.92,743.66
DT-001,Sector 4 DT-1,Sector 4,100,88,2026-08-28,774.92,725.42
DT-001,Sector 4 DT-1,Sector 4,100,88,2026-08-29,715.86,677.63
DT-001,Sector 4 DT-1,Sector 4,100,88,2026-08-30,751.88,708.82
DT-001,Sector 4 DT-1,Sector 4,100,88,2026-08-31,836.78,787.09
DT-002,Sector 9 DT-2,Sector 9,400,49,2026-07-03,438.6,401.55
DT-002,Sector 9 DT-2,Sector 9,400,49,2026-07-04,375.34,349.96
DT-002,Sector 9 DT-2,Sector 9,400,49,2026-07-05,410.69,387.32
DT-002,Sector 9 DT-2,Sector 9,400,49,2026-07-06,457.42,430.3
DT-002,Sector 9 DT-2,Sector 9,400,49,2026-07-07,392.3,362.83
DT-002,Sector 9 DT-2,Sector 9,400,49,2026-07-08,477.4,435.69
DT-002,Sector 9 DT-2,Sector 9,400,49,2026-07-09,383.82,363.4
DT-002,Sector 9 DT-2,Sector 9,400,49,2026-07-10,495.25,458.0
DT-002,Sector 9 DT-2,Sector 9,400,49,2026-07-11,446.62,410.71
DT-002,Sector 9 DT-2,Sector 9,400,49,2026-07-12,415.9,378.1
DT-002,Sector 9 DT-2,Sector 9,400,49,2026-07-13,450.23,426.08
DT-002,Sector 9 DT-2,Sector 9,400,49,2026-07-14,389.09,349.09
DT-002,Sector 9 DT-2,Sector 9,400,49,2026-07-15,375.19,351.68
DT-002,Sector 9 DT-2,Sector 9,400,49,2026-07-16,430.16,397.27
DT-002,Sector 9 DT-2,Sector 9,400,49,2026-07-17,493.84,457.48
DT-002,Sector 9 DT-2,Sector 9,400,49,2026-07-18,449.29,416.16
DT-002,Sector 9 DT-2,Sector 9,400,49,2026-07-19,453.09,415.18
DT-002,Sector 9 DT-2,Sector 9,400,49,2026-07-20,463.16,424.69
DT-002,Sector 9 DT-2,Sector 9,400,49,2026-07-21,397.02,363.33
DT-002,Sector 9 DT-2,Sector 9,400,49,2026-07-22,444.68,415.62
DT-002,Sector 9 DT-2,Sector 9,400,49,2026-07-23,386.08,349.84
DT-002,Sector 9 DT-2,Sector 9,400,49,2026-07-24,423.45,394.93
DT-002,Sector 9 DT-2,Sector 9,400,49,2026-07-25,422.98,382.18
DT-002,Sector 9 DT-2,Sector 9,400,49,2026-07-26,370.22,329.97
DT-002,Sector 9 DT-2,Sector 9,400,49,2026-07-27,422.35,395.2
DT-002,Sector 9 DT-2,Sector 9,400,49,2026-07-28,436.78,410.83
DT-002,Sector 9 DT-2,Sector 9,400,49,2026-07-29,431.32,396.28
DT-002,Sector 9 DT-2,Sector 9,400,49,2026-07-30,436.26,405.13
DT-002,Sector 9 DT-2,Sector 9,400,49,2026-07-31,372.01,342.01
DT-002,Sector 9 DT-2,Sector 9,400,49,2026-08-01,366.36,346.46
DT-002,Sector 9 DT-2,Sector 9,400,49,2026-08-02,395.5,362.58
DT-002,Sector 9 DT-2,Sector 9,400,49,2026-08-03,380.52,342.8
DT-002,Sector 9 DT-2,Sector 9,400,49,2026-08-04,385.02,364.94
DT-002,Sector 9 DT-2,Sector 9,400,49,2026-08-05,408.79,378.5
DT-002,Sector 9 DT-2,Sector 9,400,49,2026-08-06,438.22,404.66
DT-002,Sector 9 DT-2,Sector 9,400,49,2026-08-07,460.45,428.09
DT-002,Sector 9 DT-2,Sector 9,400,49,2026-08-08,472.87,434.81
DT-002,Sector 9 DT-2,Sector 9,400,49,2026-08-09,467.84,439.83
DT-002,Sector 9 DT-2,Sector 9,400,49,2026-08-10,387.35,355.11
DT-002,Sector 9 DT-2,Sector 9,400,49,2026-08-11,486.28,444.01
DT-002,Sector 9 DT-2,Sector 9,400,49,2026-08-12,458.51,432.47
DT-002,Sector 9 DT-2,Sector 9,400,49,2026-08-13,380.23,357.39
DT-002,Sector 9 DT-2,Sector 9,400,49,2026-08-14,382.99,356.41
DT-002,Sector 9 DT-2,Sector 9,400,49,2026-08-15,363.73,338.36
DT-002,Sector 9 DT-2,Sector 9,400,49,2026-08-16,414.52,381.89
DT-002,Sector 9 DT-2,Sector 9,400,49,2026-08-17,363.59,346.25
DT-002,Sector 9 DT-2,Sector 9,400,49,2026-08-18,393.85,362.37
DT-002,Sector 9 DT-2,Sector 9,400,49,2026-08-19,425.9,393.62
DT-002,Sector 9 DT-2,Sector 9,400,49,2026-08-20,371.76,342.78
DT-002,Sector 9 DT-2,Sector 9,400,49,2026-08-21,407.53,378.46
DT-002,Sector 9 DT-2,Sector 9,400,49,2026-08-22,477.01,440.03
DT-002,Sector 9 DT-2,Sector 9,400,49,2026-08-23,434.08,397.54
DT-002,Sector 9 DT-2,Sector 9,400,49,2026-08-24,432.49,400.28
DT-002,Sector 9 DT-2,Sector 9,400,49,2026-08-25,488.38,444.39
DT-002,Sector 9 DT-2,Sector 9,400,49,2026-08-26,499.86,450.6
DT-002,Sector 9 DT-2,Sector 9,400,49,2026-08-27,387.53,363.72
DT-002,Sector 9 DT-2,Sector 9,400,49,2026-08-28,419.49,393.06
DT-002,Sector 9 DT-2,Sector 9,400,49,2026-08-29,399.75,367.48
DT-002,Sector 9 DT-2,Sector 9,400,49,2026-08-30,383.12,355.51
DT-002,Sector 9 DT-2,Sector 9,400,49,2026-08-31,470.41,432.53
DT-003,Sector 12 DT-3,Sector 12,400,120,2026-07-03,717.81,612.67
DT-003,Sector 12 DT-3,Sector 12,400,120,2026-07-04,745.05,634.74
DT-003,Sector 12 DT-3,Sector 12,400,120,2026-07-05,768.04,666.34
DT-003,Sector 12 DT-3,Sector 12,400,120,2026-07-06,806.64,702.64
DT-003,Sector 12 DT-3,Sector 12,400,120,2026-07-07,869.08,759.76
DT-003,Sector 12 DT-3,Sector 12,400,120,2026-07-08,740.35,633.22
DT-003,Sector 12 DT-3,Sector 12,400,120,2026-07-09,666.83,580.73
DT-003,Sector 12 DT-3,Sector 12,400,120,2026-07-10,765.0,653.48
DT-003,Sector 12 DT-3,Sector 12,400,120,2026-07-11,750.18,655.54
DT-003,Sector 12 DT-3,Sector 12,400,120,2026-07-12,780.67,674.67
DT-003,Sector 12 DT-3,Sector 12,400,120,2026-07-13,866.56,744.76
DT-003,Sector 12 DT-3,Sector 12,400,120,2026-07-14,692.16,579.12
DT-003,Sector 12 DT-3,Sector 12,400,120,2026-07-15,719.94,616.41
DT-003,Sector 12 DT-3,Sector 12,400,120,2026-07-16,821.17,712.45
DT-003,Sector 12 DT-3,Sector 12,400,120,2026-07-17,851.53,725.16
DT-003,Sector 12 DT-3,Sector 12,400,120,2026-07-18,799.72,702.83
DT-003,Sector 12 DT-3,Sector 12,400,120,2026-07-19,728.21,636.88
DT-003,Sector 12 DT-3,Sector 12,400,120,2026-07-20,716.21,617.82
DT-003,Sector 12 DT-3,Sector 12,400,120,2026-07-21,846.63,721.15
DT-003,Sector 12 DT-3,Sector 12,400,120,2026-07-22,735.04,615.81
DT-003,Sector 12 DT-3,Sector 12,400,120,2026-07-23,662.15,565.77
DT-003,Sector 12 DT-3,Sector 12,400,120,2026-07-24,796.51,683.15
DT-003,Sector 12 DT-3,Sector 12,400,120,2026-07-25,645.6,556.25
DT-003,Sector 12 DT-3,Sector 12,400,120,2026-07-26,827.55,713.06
DT-003,Sector 12 DT-3,Sector 12,400,120,2026-07-27,859.48,744.14
DT-003,Sector 12 DT-3,Sector 12,400,120,2026-07-28,812.38,703.27
DT-003,Sector 12 DT-3,Sector 12,400,120,2026-07-29,877.58,748.65
DT-003,Sector 12 DT-3,Sector 12,400,120,2026-07-30,691.8,598.39
DT-003,Sector 12 DT-3,Sector 12,400,120,2026-07-31,855.17,747.48
DT-003,Sector 12 DT-3,Sector 12,400,120,2026-08-01,650.06,568.54
DT-003,Sector 12 DT-3,Sector 12,400,120,2026-08-02,752.17,638.71
DT-003,Sector 12 DT-3,Sector 12,400,120,2026-08-03,631.25,569.76
DT-003,Sector 12 DT-3,Sector 12,400,120,2026-08-04,629.74,566.09
DT-003,Sector 12 DT-3,Sector 12,400,120,2026-08-05,768.84,664.51
DT-003,Sector 12 DT-3,Sector 12,400,120,2026-08-06,693.73,611.2
DT-003,Sector 12 DT-3,Sector 12,400,120,2026-08-07,807.04,691.48
DT-003,Sector 12 DT-3,Sector 12,400,120,2026-08-08,791.94,662.56
DT-003,Sector 12 DT-3,Sector 12,400,120,2026-08-09,641.07,567.49
DT-003,Sector 12 DT-3,Sector 12,400,120,2026-08-10,711.53,608.0
DT-003,Sector 12 DT-3,Sector 12,400,120,2026-08-11,844.27,707.11
DT-003,Sector 12 DT-3,Sector 12,400,120,2026-08-12,714.24,590.16
DT-003,Sector 12 DT-3,Sector 12,400,120,2026-08-13,841.83,728.57
DT-003,Sector 12 DT-3,Sector 12,400,120,2026-08-14,640.96,565.26
DT-003,Sector 12 DT-3,Sector 12,400,120,2026-08-15,652.16,575.21
DT-003,Sector 12 DT-3,Sector 12,400,120,2026-08-16,722.13,648.17
DT-003,Sector 12 DT-3,Sector 12,400,120,2026-08-17,788.24,681.29
DT-003,Sector 12 DT-3,Sector 12,400,120,2026-08-18,818.6,699.93
DT-003,Sector 12 DT-3,Sector 12,400,120,2026-08-19,715.51,615.83
DT-003,Sector 12 DT-3,Sector 12,400,120,2026-08-20,646.81,563.15
DT-003,Sector 12 DT-3,Sector 12,400,120,2026-08-21,887.23,757.94
DT-003,Sector 12 DT-3,Sector 12,400,120,2026-08-22,647.53,554.48
DT-003,Sector 12 DT-3,Sector 12,400,120,2026-08-23,638.55,555.01
DT-003,Sector 12 DT-3,Sector 12,400,120,2026-08-24,668.33,579.08
DT-003,Sector 12 DT-3,Sector 12,400,120,2026-08-25,724.46,611.69
DT-003,Sector 12 DT-3,Sector 12,400,120,2026-08-26,850.1,716.52
DT-003,Sector 12 DT-3,Sector 12,400,120,2026-08-27,695.21,590.99
DT-003,Sector 12 DT-3,Sector 12,400,120,2026-08-28,778.88,678.91
DT-003,Sector 12 DT-3,Sector 12,400,120,2026-08-29,715.99,613.06
DT-003,Sector 12 DT-3,Sector 12,400,120,2026-08-30,887.33,752.11
DT-003,Sector 12 DT-3,Sector 12,400,120,2026-08-31,854.56,718.06
DT-004,Sector 17 DT-4,Sector 17,400,79,2026-07-03,669.0,630.29
DT-004,Sector 17 DT-4,Sector 17,400,79,2026-07-04,632.98,606.1
DT-004,Sector 17 DT-4,Sector 17,400,79,2026-07-05,809.17,761.86
DT-004,Sector 17 DT-4,Sector 17,400,79,2026-07-06,652.43,628.15
DT-004,Sector 17 DT-4,Sector 17,400,79,2026-07-07,736.04,709.38
DT-004,Sector 17 DT-4,Sector 17,400,79,2026-07-08,817.99,768.75
DT-004,Sector 17 DT-4,Sector 17,400,79,2026-07-09,803.18,773.34
DT-004,Sector 17 DT-4,Sector 17,400,79,2026-07-10,779.68,743.01
DT-004,Sector 17 DT-4,Sector 17,400,79,2026-07-11,729.14,679.78
DT-004,Sector 17 DT-4,Sector 17,400,79,2026-07-12,643.93,603.85
DT-004,Sector 17 DT-4,Sector 17,400,79,2026-07-13,810.86,775.33
DT-004,Sector 17 DT-4,Sector 17,400,79,2026-07-14,773.02,731.04
DT-004,Sector 17 DT-4,Sector 17,400,79,2026-07-15,789.79,742.54
DT-004,Sector 17 DT-4,Sector 17,400,79,2026-07-16,817.07,767.27
DT-004,Sector 17 DT-4,Sector 17,400,79,2026-07-17,792.31,756.83
DT-004,Sector 17 DT-4,Sector 17,400,79,2026-07-18,698.61,656.29
DT-004,Sector 17 DT-4,Sector 17,400,79,2026-07-19,742.48,690.51
DT-004,Sector 17 DT-4,Sector 17,400,79,2026-07-20,805.58,752.83
DT-004,Sector 17 DT-4,Sector 17,400,79,2026-07-21,682.05,642.07
DT-004,Sector 17 DT-4,Sector 17,400,79,2026-07-22,721.48,703.09
DT-004,Sector 17 DT-4,Sector 17,400,79,2026-07-23,708.84,679.55
DT-004,Sector 17 DT-4,Sector 17,400,79,2026-07-24,812.34,760.78
DT-004,Sector 17 DT-4,Sector 17,400,79,2026-07-25,758.29,707.2
DT-004,Sector 17 DT-4,Sector 17,400,79,2026-07-26,686.09,641.97
DT-004,Sector 17 DT-4,Sector 17,400,79,2026-07-27,704.61,663.04
DT-004,Sector 17 DT-4,Sector 17,400,79,2026-07-28,650.58,611.53
DT-004,Sector 17 DT-4,Sector 17,400,79,2026-07-29,691.09,655.5
DT-004,Sector 17 DT-4,Sector 17,400,79,2026-07-30,775.03,741.49
DT-004,Sector 17 DT-4,Sector 17,400,79,2026-07-31,692.31,660.17
DT-004,Sector 17 DT-4,Sector 17,400,79,2026-08-01,664.61,625.15
DT-004,Sector 17 DT-4,Sector 17,400,79,2026-08-02,786.67,715.01
DT-004,Sector 17 DT-4,Sector 17,400,79,2026-08-03,638.62,602.41
DT-004,Sector 17 DT-4,Sector 17,400,79,2026-08-04,752.42,695.69
DT-004,Sector 17 DT-4,Sector 17,400,79,2026-08-05,715.13,693.68
DT-004,Sector 17 DT-4,Sector 17,400,79,2026-08-06,703.84,655.48
DT-004,Sector 17 DT-4,Sector 17,400,79,2026-08-07,707.83,643.23
DT-004,Sector 17 DT-4,Sector 17,400,79,2026-08-08,668.79,649.31
DT-004,Sector 17 DT-4,Sector 17,400,79,2026-08-09,660.51,623.49
DT-004,Sector 17 DT-4,Sector 17,400,79,2026-08-10,764.5,706.21
DT-004,Sector 17 DT-4,Sector 17,400,79,2026-08-11,680.01,647.6
DT-004,Sector 17 DT-4,Sector 17,400,79,2026-08-12,836.92,788.4
DT-004,Sector 17 DT-4,Sector 17,400,79,2026-08-13,638.5,599.47
DT-004,Sector 17 DT-4,Sector 17,400,79,2026-08-14,739.89,702.61
DT-004,Sector 17 DT-4,Sector 17,400,79,2026-08-15,623.33,583.29
DT-004,Sector 17 DT-4,Sector 17,400,79,2026-08-16,723.66,663.92
DT-004,Sector 17 DT-4,Sector 17,400,79,2026-08-17,826.54,776.02
DT-004,Sector 17 DT-4,Sector 17,400,79,2026-08-18,677.8,624.08
DT-004,Sector 17 DT-4,Sector 17,400,79,2026-08-19,832.26,789.22
DT-004,Sector 17 DT-4,Sector 17,400,79,2026-08-20,696.05,659.95
DT-004,Sector 17 DT-4,Sector 17,400,79,2026-08-21,870.92,809.76
DT-004,Sector 17 DT-4,Sector 17,400,79,2026-08-22,709.48,672.95
DT-004,Sector 17 DT-4,Sector 17,400,79,2026-08-23,582.64,544.51
DT-004,Sector 17 DT-4,Sector 17,400,79,2026-08-24,819.43,775.08
DT-004,Sector 17 DT-4,Sector 17,400,79,2026-08-25,716.26,651.39
DT-004,Sector 17 DT-4,Sector 17,400,79,2026-08-26,691.12,654.86
DT-004,Sector 17 DT-4,Sector 17,400,79,2026-08-27,721.08,677.6
DT-004,Sector 17 DT-4,Sector 17,400,79,2026-08-28,869.1,800.76
DT-004,Sector 17 DT-4,Sector 17,400,79,2026-08-29,772.62,737.79
DT-004,Sector 17 DT-4,Sector 17,400,79,2026-08-30,811.9,763.11
DT-004,Sector 17 DT-4,Sector 17,400,79,2026-08-31,798.85,753.46
DT-005,Sector 21 DT-5,Sector 21,400,55,2026-07-03,487.56,453.55
DT-005,Sector 21 DT-5,Sector 21,400,55,2026-07-04,404.16,385.11
DT-005,Sector 21 DT-5,Sector 21,400,55,2026-07-05,412.3,389.85
DT-005,Sector 21 DT-5,Sector 21,400,55,2026-07-06,459.67,442.7
DT-005,Sector 21 DT-5,Sector 21,400,55,2026-07-07,435.73,419.8
DT-005,Sector 21 DT-5,Sector 21,400,55,2026-07-08,428.32,403.55
DT-005,Sector 21 DT-5,Sector 21,400,55,2026-07-09,510.53,475.09
DT-005,Sector 21 DT-5,Sector 21,400,55,2026-07-10,531.48,498.13
DT-005,Sector 21 DT-5,Sector 21,400,55,2026-07-11,456.73,436.24
DT-005,Sector 21 DT-5,Sector 21,400,55,2026-07-12,460.77,426.3
DT-005,Sector 21 DT-5,Sector 21,400,55,2026-07-13,448.98,420.55
DT-005,Sector 21 DT-5,Sector 21,400,55,2026-07-14,463.51,430.82
DT-005,Sector 21 DT-5,Sector 21,400,55,2026-07-15,464.93,437.52
DT-005,Sector 21 DT-5,Sector 21,400,55,2026-07-16,409.44,389.93
DT-005,Sector 21 DT-5,Sector 21,400,55,2026-07-17,527.16,506.16
DT-005,Sector 21 DT-5,Sector 21,400,55,2026-07-18,410.55,381.72
DT-005,Sector 21 DT-5,Sector 21,400,55,2026-07-19,487.17,465.34
DT-005,Sector 21 DT-5,Sector 21,400,55,2026-07-20,506.49,481.04
DT-005,Sector 21 DT-5,Sector 21,400,55,2026-07-21,489.94,459.51
DT-005,Sector 21 DT-5,Sector 21,400,55,2026-07-22,412.77,399.84
DT-005,Sector 21 DT-5,Sector 21,400,55,2026-07-23,531.96,509.74
DT-005,Sector 21 DT-5,Sector 21,400,55,2026-07-24,478.86,446.2
DT-005,Sector 21 DT-5,Sector 21,400,55,2026-07-25,455.7,427.25
DT-005,Sector 21 DT-5,Sector 21,400,55,2026-07-26,464.77,439.47
DT-005,Sector 21 DT-5,Sector 21,400,55,2026-07-27,534.83,497.09
DT-005,Sector 21 DT-5,Sector 21,400,55,2026-07-28,419.32,397.18
DT-005,Sector 21 DT-5,Sector 21,400,55,2026-07-29,553.09,514.31
DT-005,Sector 21 DT-5,Sector 21,400,55,2026-07-30,474.33,451.17
DT-005,Sector 21 DT-5,Sector 21,400,55,2026-07-31,476.0,448.54
DT-005,Sector 21 DT-5,Sector 21,400,55,2026-08-01,434.84,414.52
DT-005,Sector 21 DT-5,Sector 21,400,55,2026-08-02,420.53,400.28
DT-005,Sector 21 DT-5,Sector 21,400,55,2026-08-03,526.21,509.48
DT-005,Sector 21 DT-5,Sector 21,400,55,2026-08-04,422.42,398.81
DT-005,Sector 21 DT-5,Sector 21,400,55,2026-08-05,427.94,404.36
DT-005,Sector 21 DT-5,Sector 21,400,55,2026-08-06,503.14,465.0
DT-005,Sector 21 DT-5,Sector 21,400,55,2026-08-07,552.17,518.71
DT-005,Sector 21 DT-5,Sector 21,400,55,2026-08-08,467.57,451.03
DT-005,Sector 21 DT-5,Sector 21,400,55,2026-08-09,394.91,369.54
DT-005,Sector 21 DT-5,Sector 21,400,55,2026-08-10,548.72,516.13
DT-005,Sector 21 DT-5,Sector 21,400,55,2026-08-11,529.76,495.21
DT-005,Sector 21 DT-5,Sector 21,400,55,2026-08-12,392.61,387.35
DT-005,Sector 21 DT-5,Sector 21,400,55,2026-08-13,445.59,425.26
DT-005,Sector 21 DT-5,Sector 21,400,55,2026-08-14,458.35,430.42
DT-005,Sector 21 DT-5,Sector 21,400,55,2026-08-15,461.12,439.17
DT-005,Sector 21 DT-5,Sector 21,400,55,2026-08-16,387.41,366.8
DT-005,Sector 21 DT-5,Sector 21,400,55,2026-08-17,436.52,413.72
DT-005,Sector 21 DT-5,Sector 21,400,55,2026-08-18,536.3,508.11
DT-005,Sector 21 DT-5,Sector 21,400,55,2026-08-19,441.04,418.33
DT-005,Sector 21 DT-5,Sector 21,400,55,2026-08-20,466.34,445.18
DT-005,Sector 21 DT-5,Sector 21,400,55,2026-08-21,516.81,482.28
DT-005,Sector 21 DT-5,Sector 21,400,55,2026-08-22,477.81,451.73
DT-005,Sector 21 DT-5,Sector 21,400,55,2026-08-23,452.02,426.39
DT-005,Sector 21 DT-5,Sector 21,400,55,2026-08-24,415.99,396.4
DT-005,Sector 21 DT-5,Sector 21,400,55,2026-08-25,521.03,491.85
DT-005,Sector 21 DT-5,Sector 21,400,55,2026-08-26,433.56,413.69
DT-005,Sector 21 DT-5,Sector 21,400,55,2026-08-27,540.04,508.72
DT-005,Sector 21 DT-5,Sector 21,400,55,2026-08-28,420.18,402.09
DT-005,Sector 21 DT-5,Sector 21,400,55,2026-08-29,505.0,483.15
DT-005,Sector 21 DT-5,Sector 21,400,55,2026-08-30,469.01,454.25
DT-005,Sector 21 DT-5,Sector 21,400,55,2026-08-31,410.76,394.62
DT-006,Industrial Area A DT-6,Industrial Area A,160,114,2026-07-03,704.87,596.95
DT-006,Industrial Area A DT-6,Industrial Area A,160,114,2026-07-04,679.44,557.84
DT-006,Industrial Area A DT-6,Industrial Area A,160,114,2026-07-05,634.29,520.44
DT-006,Industrial Area A DT-6,Industrial Area A,160,114,2026-07-06,820.39,664.35
DT-006,Industrial Area A DT-6,Industrial Area A,160,114,2026-07-07,781.79,653.04
DT-006,Industrial Area A DT-6,Industrial Area A,160,114,2026-07-08,899.12,726.54
DT-006,Industrial Area A DT-6,Industrial Area A,160,114,2026-07-09,906.57,755.39
DT-006,Industrial Area A DT-6,Industrial Area A,160,114,2026-07-10,698.03,576.01
DT-006,Industrial Area A DT-6,Industrial Area A,160,114,2026-07-11,664.2,541.24
DT-006,Industrial Area A DT-6,Industrial Area A,160,114,2026-07-12,791.0,663.19
DT-006,Industrial Area A DT-6,Industrial Area A,160,114,2026-07-13,852.55,712.61
DT-006,Industrial Area A DT-6,Industrial Area A,160,114,2026-07-14,717.42,577.89
DT-006,Industrial Area A DT-6,Industrial Area A,160,114,2026-07-15,851.68,700.05
DT-006,Industrial Area A DT-6,Industrial Area A,160,114,2026-07-16,798.96,648.83
DT-006,Industrial Area A DT-6,Industrial Area A,160,114,2026-07-17,753.69,624.49
DT-006,Industrial Area A DT-6,Industrial Area A,160,114,2026-07-18,744.61,627.04
DT-006,Industrial Area A DT-6,Industrial Area A,160,114,2026-07-19,765.09,640.92
DT-006,Industrial Area A DT-6,Industrial Area A,160,114,2026-07-20,880.42,719.46
DT-006,Industrial Area A DT-6,Industrial Area A,160,114,2026-07-21,693.61,572.8
DT-006,Industrial Area A DT-6,Industrial Area A,160,114,2026-07-22,826.67,680.34
DT-006,Industrial Area A DT-6,Industrial Area A,160,114,2026-07-23,749.39,632.34
DT-006,Industrial Area A DT-6,Industrial Area A,160,114,2026-07-24,711.75,569.15
DT-006,Industrial Area A DT-6,Industrial Area A,160,114,2026-07-25,845.78,691.59
DT-006,Industrial Area A DT-6,Industrial Area A,160,114,2026-07-26,813.94,677.53
DT-006,Industrial Area A DT-6,Industrial Area A,160,114,2026-07-27,874.86,719.92
DT-006,Industrial Area A DT-6,Industrial Area A,160,114,2026-07-28,873.3,723.94
DT-006,Industrial Area A DT-6,Industrial Area A,160,114,2026-07-29,700.46,581.75
DT-006,Industrial Area A DT-6,Industrial Area A,160,114,2026-07-30,848.51,714.12
DT-006,Industrial Area A DT-6,Industrial Area A,160,114,2026-07-31,888.24,716.78
DT-006,Industrial Area A DT-6,Industrial Area A,160,114,2026-08-01,663.49,557.16
DT-006,Industrial Area A DT-6,Industrial Area A,160,114,2026-08-02,681.17,568.07
DT-006,Industrial Area A DT-6,Industrial Area A,160,114,2026-08-03,730.27,590.46
DT-006,Industrial Area A DT-6,Industrial Area A,160,114,2026-08-04,742.26,607.25
DT-006,Industrial Area A DT-6,Industrial Area A,160,114,2026-08-05,853.47,715.6
DT-006,Industrial Area A DT-6,Industrial Area A,160,114,2026-08-06,807.28,678.38
DT-006,Industrial Area A DT-6,Industrial Area A,160,114,2026-08-07,714.86,592.17
DT-006,Industrial Area A DT-6,Industrial Area A,160,114,2026-08-08,737.98,622.56
DT-006,Industrial Area A DT-6,Industrial Area A,160,114,2026-08-09,674.25,556.61
DT-006,Industrial Area A DT-6,Industrial Area A,160,114,2026-08-10,716.79,581.35
DT-006,Industrial Area A DT-6,Industrial Area A,160,114,2026-08-11,734.35,601.75
DT-006,Industrial Area A DT-6,Industrial Area A,160,114,2026-08-12,812.19,643.83
DT-006,Industrial Area A DT-6,Industrial Area A,160,114,2026-08-13,716.68,594.79
DT-006,Industrial Area A DT-6,Industrial Area A,160,114,2026-08-14,687.18,586.83
DT-006,Industrial Area A DT-6,Industrial Area A,160,114,2026-08-15,706.6,579.93
DT-006,Industrial Area A DT-6,Industrial Area A,160,114,2026-08-16,852.79,703.88
DT-006,Industrial Area A DT-6,Industrial Area A,160,114,2026-08-17,734.8,615.8
DT-006,Industrial Area A DT-6,Industrial Area A,160,114,2026-08-18,741.23,613.48
DT-006,Industrial Area A DT-6,Industrial Area A,160,114,2026-08-19,792.18,647.46
DT-006,Industrial Area A DT-6,Industrial Area A,160,114,2026-08-20,722.71,597.27
DT-006,Industrial Area A DT-6,Industrial Area A,160,114,2026-08-21,905.98,740.08
DT-006,Industrial Area A DT-6,Industrial Area A,160,114,2026-08-22,642.25,531.46
DT-006,Industrial Area A DT-6,Industrial Area A,160,114,2026-08-23,789.28,645.34
DT-006,Industrial Area A DT-6,Industrial Area A,160,114,2026-08-24,698.56,580.42
DT-006,Industrial Area A DT-6,Industrial Area A,160,114,2026-08-25,679.19,561.42
DT-006,Industrial Area A DT-6,Industrial Area A,160,114,2026-08-26,890.35,735.18
DT-006,Industrial Area A DT-6,Industrial Area A,160,114,2026-08-27,780.13,634.49
DT-006,Industrial Area A DT-6,Industrial Area A,160,114,2026-08-28,887.6,734.01
DT-006,Industrial Area A DT-6,Industrial Area A,160,114,2026-08-29,821.81,676.55
DT-006,Industrial Area A DT-6,Industrial Area A,160,114,2026-08-30,638.37,533.37
DT-006,Industrial Area A DT-6,Industrial Area A,160,114,2026-08-31,821.01,679.83
DT-007,Industrial Area B DT-7,Industrial Area B,100,38,2026-07-03,302.66,282.98
DT-007,Industrial Area B DT-7,Industrial Area B,100,38,2026-07-04,241.52,224.6
DT-007,Industrial Area B DT-7,Industrial Area B,100,38,2026-07-05,289.56,271.05
DT-007,Industrial Area B DT-7,Industrial Area B,100,38,2026-07-06,303.04,291.37
DT-007,Industrial Area B DT-7,Industrial Area B,100,38,2026-07-07,309.19,291.69
DT-007,Industrial Area B DT-7,Industrial Area B,100,38,2026-07-08,297.91,275.89
DT-007,Industrial Area B DT-7,Industrial Area B,100,38,2026-07-09,253.3,232.52
DT-007,Industrial Area B DT-7,Industrial Area B,100,38,2026-07-10,284.89,264.91
DT-007,Industrial Area B DT-7,Industrial Area B,100,38,2026-07-11,274.0,256.67
DT-007,Industrial Area B DT-7,Industrial Area B,100,38,2026-07-12,278.13,261.26
DT-007,Industrial Area B DT-7,Industrial Area B,100,38,2026-07-13,275.12,258.06
DT-007,Industrial Area B DT-7,Industrial Area B,100,38,2026-07-14,312.62,279.63
DT-007,Industrial Area B DT-7,Industrial Area B,100,38,2026-07-15,284.57,259.67
DT-007,Industrial Area B DT-7,Industrial Area B,100,38,2026-07-16,320.58,296.87
DT-007,Industrial Area B DT-7,Industrial Area B,100,38,2026-07-17,284.75,259.37
DT-007,Industrial Area B DT-7,Industrial Area B,100,38,2026-07-18,302.81,281.72
DT-007,Industrial Area B DT-7,Industrial Area B,100,38,2026-07-19,262.2,241.2
DT-007,Industrial Area B DT-7,Industrial Area B,100,38,2026-07-20,254.63,238.8
DT-007,Industrial Area B DT-7,Industrial Area B,100,38,2026-07-21,256.25,235.36
DT-007,Industrial Area B DT-7,Industrial Area B,100,38,2026-07-22,276.53,255.42
DT-007,Industrial Area B DT-7,Industrial Area B,100,38,2026-07-23,309.73,288.04
DT-007,Industrial Area B DT-7,Industrial Area B,100,38,2026-07-24,255.62,237.68
DT-007,Industrial Area B DT-7,Industrial Area B,100,38,2026-07-25,283.43,271.97
DT-007,Industrial Area B DT-7,Industrial Area B,100,38,2026-07-26,272.52,257.81
DT-007,Industrial Area B DT-7,Industrial Area B,100,38,2026-07-27,273.6,254.08
DT-007,Industrial Area B DT-7,Industrial Area B,100,38,2026-07-28,250.14,231.65
DT-007,Industrial Area B DT-7,Industrial Area B,100,38,2026-07-29,275.58,256.94
DT-007,Industrial Area B DT-7,Industrial Area B,100,38,2026-07-30,303.97,290.57
DT-007,Industrial Area B DT-7,Industrial Area B,100,38,2026-07-31,268.98,250.38
DT-007,Industrial Area B DT-7,Industrial Area B,100,38,2026-08-01,295.32,276.47
DT-007,Industrial Area B DT-7,Industrial Area B,100,38,2026-08-02,290.98,266.33
DT-007,Industrial Area B DT-7,Industrial Area B,100,38,2026-08-03,304.96,281.26
DT-007,Industrial Area B DT-7,Industrial Area B,100,38,2026-08-04,313.4,297.47
DT-007,Industrial Area B DT-7,Industrial Area B,100,38,2026-08-05,289.61,275.9
DT-007,Industrial Area B DT-7,Industrial Area B,100,38,2026-08-06,296.76,275.39
DT-007,Industrial Area B DT-7,Industrial Area B,100,38,2026-08-07,295.38,271.45
DT-007,Industrial Area B DT-7,Industrial Area B,100,38,2026-08-08,250.78,232.24
DT-007,Industrial Area B DT-7,Industrial Area B,100,38,2026-08-09,262.3,242.02
DT-007,Industrial Area B DT-7,Industrial Area B,100,38,2026-08-10,315.63,291.44
DT-007,Industrial Area B DT-7,Industrial Area B,100,38,2026-08-11,323.46,293.58
DT-007,Industrial Area B DT-7,Industrial Area B,100,38,2026-08-12,298.32,279.99
DT-007,Industrial Area B DT-7,Industrial Area B,100,38,2026-08-13,273.02,257.43
DT-007,Industrial Area B DT-7,Industrial Area B,100,38,2026-08-14,285.62,262.69
DT-007,Industrial Area B DT-7,Industrial Area B,100,38,2026-08-15,269.93,256.76
DT-007,Industrial Area B DT-7,Industrial Area B,100,38,2026-08-16,243.92,230.07
DT-007,Industrial Area B DT-7,Industrial Area B,100,38,2026-08-17,261.07,240.57
DT-007,Industrial Area B DT-7,Industrial Area B,100,38,2026-08-18,246.71,226.57
DT-007,Industrial Area B DT-7,Industrial Area B,100,38,2026-08-19,280.45,261.98
DT-007,Industrial Area B DT-7,Industrial Area B,100,38,2026-08-20,298.87,275.7
DT-007,Industrial Area B DT-7,Industrial Area B,100,38,2026-08-21,304.64,291.03
DT-007,Industrial Area B DT-7,Industrial Area B,100,38,2026-08-22,244.19,229.7
DT-007,Industrial Area B DT-7,Industrial Area B,100,38,2026-08-23,298.97,276.03
DT-007,Industrial Area B DT-7,Industrial Area B,100,38,2026-08-24,300.98,278.78
DT-007,Industrial Area B DT-7,Industrial Area B,100,38,2026-08-25,322.12,299.94
DT-007,Industrial Area B DT-7,Industrial Area B,100,38,2026-08-26,269.15,251.35
DT-007,Industrial Area B DT-7,Industrial Area B,100,38,2026-08-27,305.26,286.36
DT-007,Industrial Area B DT-7,Industrial Area B,100,38,2026-08-28,314.78,297.77
DT-007,Industrial Area B DT-7,Industrial Area B,100,38,2026-08-29,213.42,203.08
DT-007,Industrial Area B DT-7,Industrial Area B,100,38,2026-08-30,290.01,269.0
DT-007,Industrial Area B DT-7,Industrial Area B,100,38,2026-08-31,319.91,297.03
DT-008,Model Town DT-8,Model Town,400,59,2026-07-03,590.2,522.05
DT-008,Model Town DT-8,Model Town,400,59,2026-07-04,504.27,449.18
DT-008,Model Town DT-8,Model Town,400,59,2026-07-05,532.28,475.17
DT-008,Model Town DT-8,Model Town,400,59,2026-07-06,512.77,462.64
DT-008,Model Town DT-8,Model Town,400,59,2026-07-07,582.96,520.57
DT-008,Model Town DT-8,Model Town,400,59,2026-07-08,522.88,463.16
DT-008,Model Town DT-8,Model Town,400,59,2026-07-09,492.61,437.24
DT-008,Model Town DT-8,Model Town,400,59,2026-07-10,464.74,415.34
DT-008,Model Town DT-8,Model Town,400,59,2026-07-11,573.31,509.87
DT-008,Model Town DT-8,Model Town,400,59,2026-07-12,499.43,449.71
DT-008,Model Town DT-8,Model Town,400,59,2026-07-13,516.34,466.59
DT-008,Model Town DT-8,Model Town,400,59,2026-07-14,568.09,514.06
DT-008,Model Town DT-8,Model Town,400,59,2026-07-15,511.31,469.98
DT-008,Model Town DT-8,Model Town,400,59,2026-07-16,448.49,407.49
DT-008,Model Town DT-8,Model Town,400,59,2026-07-17,586.72,530.7
DT-008,Model Town DT-8,Model Town,400,59,2026-07-18,510.28,461.85
DT-008,Model Town DT-8,Model Town,400,59,2026-07-19,560.15,509.59
DT-008,Model Town DT-8,Model Town,400,59,2026-07-20,517.11,454.32
DT-008,Model Town DT-8,Model Town,400,59,2026-07-21,466.07,417.5
DT-008,Model Town DT-8,Model Town,400,59,2026-07-22,563.18,506.69
DT-008,Model Town DT-8,Model Town,400,59,2026-07-23,465.6,428.16
DT-008,Model Town DT-8,Model Town,400,59,2026-07-24,513.07,474.24
DT-008,Model Town DT-8,Model Town,400,59,2026-07-25,502.2,448.06
DT-008,Model Town DT-8,Model Town,400,59,2026-07-26,446.35,399.73
DT-008,Model Town DT-8,Model Town,400,59,2026-07-27,490.64,452.93
DT-008,Model Town DT-8,Model Town,400,59,2026-07-28,458.11,411.29
DT-008,Model Town DT-8,Model Town,400,59,2026-07-29,473.15,424.5
DT-008,Model Town DT-8,Model Town,400,59,2026-07-30,438.08,393.34
DT-008,Model Town DT-8,Model Town,400,59,2026-07-31,499.1,442.21
DT-008,Model Town DT-8,Model Town,400,59,2026-08-01,459.27,407.84
DT-008,Model Town DT-8,Model Town,400,59,2026-08-02,475.98,431.29
DT-008,Model Town DT-8,Model Town,400,59,2026-08-03,454.4,411.67
DT-008,Model Town DT-8,Model Town,400,59,2026-08-04,584.03,522.88
DT-008,Model Town DT-8,Model Town,400,59,2026-08-05,457.4,406.27
DT-008,Model Town DT-8,Model Town,400,59,2026-08-06,547.2,481.5
DT-008,Model Town DT-8,Model Town,400,59,2026-08-07,492.02,448.73
DT-008,Model Town DT-8,Model Town,400,59,2026-08-08,418.13,378.77
DT-008,Model Town DT-8,Model Town,400,59,2026-08-09,471.49,428.49
DT-008,Model Town DT-8,Model Town,400,59,2026-08-10,518.81,454.53
DT-008,Model Town DT-8,Model Town,400,59,2026-08-11,472.98,427.45
DT-008,Model Town DT-8,Model Town,400,59,2026-08-12,588.84,518.3
DT-008,Model Town DT-8,Model Town,400,59,2026-08-13,504.12,449.29
DT-008,Model Town DT-8,Model Town,400,59,2026-08-14,487.06,425.94
DT-008,Model Town DT-8,Model Town,400,59,2026-08-15,425.66,377.77
DT-008,Model Town DT-8,Model Town,400,59,2026-08-16,529.28,471.09
DT-008,Model Town DT-8,Model Town,400,59,2026-08-17,527.25,463.29
DT-008,Model Town DT-8,Model Town,400,59,2026-08-18,540.03,481.97
DT-008,Model Town DT-8,Model Town,400,59,2026-08-19,482.7,435.89
DT-008,Model Town DT-8,Model Town,400,59,2026-08-20,499.81,434.63
DT-008,Model Town DT-8,Model Town,400,59,2026-08-21,565.21,501.58
DT-008,Model Town DT-8,Model Town,400,59,2026-08-22,490.7,433.58
DT-008,Model Town DT-8,Model Town,400,59,2026-08-23,492.78,450.12
DT-008,Model Town DT-8,Model Town,400,59,2026-08-24,509.39,455.74
DT-008,Model Town DT-8,Model Town,400,59,2026-08-25,478.0,425.2
DT-008,Model Town DT-8,Model Town,400,59,2026-08-26,439.37,398.36
DT-008,Model Town DT-8,Model Town,400,59,2026-08-27,558.02,489.39
DT-008,Model Town DT-8,Model Town,400,59,2026-08-28,568.15,510.23
DT-008,Model Town DT-8,Model Town,400,59,2026-08-29,488.21,442.09
DT-008,Model Town DT-8,Model Town,400,59,2026-08-30,533.61,478.86
DT-008,Model Town DT-8,Model Town,400,59,2026-08-31,600.69,526.84
DT-009,Civil Lines DT-9,Civil Lines,100,102,2026-07-03,620.24,498.6
DT-009,Civil Lines DT-9,Civil Lines,100,102,2026-07-04,577.33,461.18
DT-009,Civil Lines DT-9,Civil Lines,100,102,2026-07-05,511.14,421.48
DT-009,Civil Lines DT-9,Civil Lines,100,102,2026-07-06,645.96,509.45
DT-009,Civil Lines DT-9,Civil Lines,100,102,2026-07-07,649.12,517.59
DT-009,Civil Lines DT-9,Civil Lines,100,102,2026-07-08,547.13,448.46
DT-009,Civil Lines DT-9,Civil Lines,100,102,2026-07-09,568.28,456.39
DT-009,Civil Lines DT-9,Civil Lines,100,102,2026-07-10,637.79,514.07
DT-009,Civil Lines DT-9,Civil Lines,100,102,2026-07-11,520.24,417.74
DT-009,Civil Lines DT-9,Civil Lines,100,102,2026-07-12,543.38,444.86
DT-009,Civil Lines DT-9,Civil Lines,100,102,2026-07-13,509.64,407.68
DT-009,Civil Lines DT-9,Civil Lines,100,102,2026-07-14,582.47,468.79
DT-009,Civil Lines DT-9,Civil Lines,100,102,2026-07-15,516.9,406.36
DT-009,Civil Lines DT-9,Civil Lines,100,102,2026-07-16,480.34,388.59
DT-009,Civil Lines DT-9,Civil Lines,100,102,2026-07-17,498.67,403.18
DT-009,Civil Lines DT-9,Civil Lines,100,102,2026-07-18,431.26,348.95
DT-009,Civil Lines DT-9,Civil Lines,100,102,2026-07-19,620.5,493.92
DT-009,Civil Lines DT-9,Civil Lines,100,102,2026-07-20,589.14,456.84
DT-009,Civil Lines DT-9,Civil Lines,100,102,2026-07-21,600.46,474.51
DT-009,Civil Lines DT-9,Civil Lines,100,102,2026-07-22,585.68,480.9
DT-009,Civil Lines DT-9,Civil Lines,100,102,2026-07-23,541.58,436.48
DT-009,Civil Lines DT-9,Civil Lines,100,102,2026-07-24,487.85,389.0
DT-009,Civil Lines DT-9,Civil Lines,100,102,2026-07-25,641.53,517.07
DT-009,Civil Lines DT-9,Civil Lines,100,102,2026-07-26,580.32,471.04
DT-009,Civil Lines DT-9,Civil Lines,100,102,2026-07-27,568.06,449.14
DT-009,Civil Lines DT-9,Civil Lines,100,102,2026-07-28,598.28,472.09
DT-009,Civil Lines DT-9,Civil Lines,100,102,2026-07-29,523.02,424.35
DT-009,Civil Lines DT-9,Civil Lines,100,102,2026-07-30,541.73,432.01
DT-009,Civil Lines DT-9,Civil Lines,100,102,2026-07-31,650.29,510.59
DT-009,Civil Lines DT-9,Civil Lines,100,102,2026-08-01,627.43,501.66
DT-009,Civil Lines DT-9,Civil Lines,100,102,2026-08-02,543.92,441.22
DT-009,Civil Lines DT-9,Civil Lines,100,102,2026-08-03,625.89,491.46
DT-009,Civil Lines DT-9,Civil Lines,100,102,2026-08-04,478.62,388.64
DT-009,Civil Lines DT-9,Civil Lines,100,102,2026-08-05,555.3,448.03
DT-009,Civil Lines DT-9,Civil Lines,100,102,2026-08-06,473.88,390.93
DT-009,Civil Lines DT-9,Civil Lines,100,102,2026-08-07,609.89,496.72
DT-009,Civil Lines DT-9,Civil Lines,100,102,2026-08-08,518.41,425.46
DT-009,Civil Lines DT-9,Civil Lines,100,102,2026-08-09,521.54,417.2
DT-009,Civil Lines DT-9,Civil Lines,100,102,2026-08-10,483.92,391.73
DT-009,Civil Lines DT-9,Civil Lines,100,102,2026-08-11,597.39,478.73
DT-009,Civil Lines DT-9,Civil Lines,100,102,2026-08-12,629.06,496.38
DT-009,Civil Lines DT-9,Civil Lines,100,102,2026-08-13,635.14,514.27
DT-009,Civil Lines DT-9,Civil Lines,100,102,2026-08-14,558.87,454.29
DT-009,Civil Lines DT-9,Civil Lines,100,102,2026-08-15,618.27,500.63
DT-009,Civil Lines DT-9,Civil Lines,100,102,2026-08-16,478.08,375.57
DT-009,Civil Lines DT-9,Civil Lines,100,102,2026-08-17,553.64,450.92
DT-009,Civil Lines DT-9,Civil Lines,100,102,2026-08-18,639.17,518.87
DT-009,Civil Lines DT-9,Civil Lines,100,102,2026-08-19,530.32,428.72
DT-009,Civil Lines DT-9,Civil Lines,100,102,2026-08-20,508.44,397.31
DT-009,Civil Lines DT-9,Civil Lines,100,102,2026-08-21,593.51,485.51
DT-009,Civil Lines DT-9,Civil Lines,100,102,2026-08-22,526.68,428.61
DT-009,Civil Lines DT-9,Civil Lines,100,102,2026-08-23,530.14,423.14
DT-009,Civil Lines DT-9,Civil Lines,100,102,2026-08-24,517.35,407.62
DT-009,Civil Lines DT-9,Civil Lines,100,102,2026-08-25,634.12,512.47
DT-009,Civil Lines DT-9,Civil Lines,100,102,2026-08-26,488.21,401.62
DT-009,Civil Lines DT-9,Civil Lines,100,102,2026-08-27,570.89,466.53
DT-009,Civil Lines DT-9,Civil Lines,100,102,2026-08-28,474.46,389.0
DT-009,Civil Lines DT-9,Civil Lines,100,102,2026-08-29,581.87,473.57
DT-009,Civil Lines DT-9,Civil Lines,100,102,2026-08-30,515.09,425.19
DT-009,Civil Lines DT-9,Civil Lines,100,102,2026-08-31,523.1,419.3
DT-010,Old City DT-10,Old City,250,80,2026-07-03,699.02,564.09
DT-010,Old City DT-10,Old City,250,80,2026-07-04,762.75,597.17
DT-010,Old City DT-10,Old City,250,80,2026-07-05,755.84,610.38
DT-010,Old City DT-10,Old City,250,80,2026-07-06,653.56,537.23
DT-010,Old City DT-10,Old City,250,80,2026-07-07,651.96,518.25
DT-010,Old City DT-10,Old City,250,80,2026-07-08,792.23,639.6
DT-010,Old City DT-10,Old City,250,80,2026-07-09,813.17,646.35
DT-010,Old City DT-10,Old City,250,80,2026-07-10,648.76,511.37
DT-010,Old City DT-10,Old City,250,80,2026-07-11,561.64,453.86
DT-010,Old City DT-10,Old City,250,80,2026-07-12,591.35,469.67
DT-010,Old City DT-10,Old City,250,80,2026-07-13,780.76,632.25
DT-010,Old City DT-10,Old City,250,80,2026-07-14,715.51,556.7
DT-010,Old City DT-10,Old City,250,80,2026-07-15,603.57,480.5
DT-010,Old City DT-10,Old City,250,80,2026-07-16,632.56,515.93
DT-010,Old City DT-10,Old City,250,80,2026-07-17,799.6,643.98
DT-010,Old City DT-10,Old City,250,80,2026-07-18,639.83,513.11
DT-010,Old City DT-10,Old City,250,80,2026-07-19,552.79,438.04
DT-010,Old City DT-10,Old City,250,80,2026-07-20,703.71,577.55
DT-010,Old City DT-10,Old City,250,80,2026-07-21,740.44,587.64
DT-010,Old City DT-10,Old City,250,80,2026-07-22,717.3,588.53
DT-010,Old City DT-10,Old City,250,80,2026-07-23,768.37,626.54
DT-010,Old City DT-10,Old City,250,80,2026-07-24,632.02,516.97
DT-010,Old City DT-10,Old City,250,80,2026-07-25,561.31,456.78
DT-010,Old City DT-10,Old City,250,80,2026-07-26,749.35,599.81
DT-010,Old City DT-10,Old City,250,80,2026-07-27,632.36,519.3
DT-010,Old City DT-10,Old City,250,80,2026-07-28,636.93,504.79
DT-010,Old City DT-10,Old City,250,80,2026-07-29,770.34,621.79
DT-010,Old City DT-10,Old City,250,80,2026-07-30,774.98,623.32
DT-010,Old City DT-10,Old City,250,80,2026-07-31,691.28,565.87
DT-010,Old City DT-10,Old City,250,80,2026-08-01,704.7,582.77
DT-010,Old City DT-10,Old City,250,80,2026-08-02,598.52,478.47
DT-010,Old City DT-10,Old City,250,80,2026-08-03,644.58,520.79
DT-010,Old City DT-10,Old City,250,80,2026-08-04,634.96,515.16
DT-010,Old City DT-10,Old City,250,80,2026-08-05,612.69,512.11
DT-010,Old City DT-10,Old City,250,80,2026-08-06,674.52,537.16
DT-010,Old City DT-10,Old City,250,80,2026-08-07,628.38,512.98
DT-010,Old City DT-10,Old City,250,80,2026-08-08,615.15,492.91
DT-010,Old City DT-10,Old City,250,80,2026-08-09,646.09,527.62
DT-010,Old City DT-10,Old City,250,80,2026-08-10,697.6,555.51
DT-010,Old City DT-10,Old City,250,80,2026-08-11,701.93,565.12
DT-010,Old City DT-10,Old City,250,80,2026-08-12,787.97,635.84
DT-010,Old City DT-10,Old City,250,80,2026-08-13,712.59,586.02
DT-010,Old City DT-10,Old City,250,80,2026-08-14,644.79,520.99
DT-010,Old City DT-10,Old City,250,80,2026-08-15,617.72,495.07
DT-010,Old City DT-10,Old City,250,80,2026-08-16,703.13,569.58
DT-010,Old City DT-10,Old City,250,80,2026-08-17,655.78,529.61
DT-010,Old City DT-10,Old City,250,80,2026-08-18,707.81,545.99
DT-010,Old City DT-10,Old City,250,80,2026-08-19,793.35,646.23
DT-010,Old City DT-10,Old City,250,80,2026-08-20,788.75,640.6
DT-010,Old City DT-10,Old City,250,80,2026-08-21,791.39,635.29
DT-010,Old City DT-10,Old City,250,80,2026-08-22,608.93,485.97
DT-010,Old City DT-10,Old City,250,80,2026-08-23,757.8,596.48
DT-010,Old City DT-10,Old City,250,80,2026-08-24,615.81,503.06
DT-010,Old City DT-10,Old City,250,80,2026-08-25,741.91,612.64
DT-010,Old City DT-10,Old City,250,80,2026-08-26,700.39,548.15
DT-010,Old City DT-10,Old City,250,80,2026-08-27,730.39,588.05
DT-010,Old City DT-10,Old City,250,80,2026-08-28,737.73,610.04
DT-010,Old City DT-10,Old City,250,80,2026-08-29,632.56,506.2
DT-010,Old City DT-10,Old City,250,80,2026-08-30,745.84,604.9
DT-010,Old City DT-10,Old City,250,80,2026-08-31,751.03,614.36
DT-011,Ram Nagar DT-11,Ram Nagar,160,83,2026-07-03,586.74,557.47
DT-011,Ram Nagar DT-11,Ram Nagar,160,83,2026-07-04,557.69,518.83
DT-011,Ram Nagar DT-11,Ram Nagar,160,83,2026-07-05,520.12,486.91
DT-011,Ram Nagar DT-11,Ram Nagar,160,83,2026-07-06,646.97,600.65
DT-011,Ram Nagar DT-11,Ram Nagar,160,83,2026-07-07,608.72,558.25
DT-011,Ram Nagar DT-11,Ram Nagar,160,83,2026-07-08,599.2,561.86
DT-011,Ram Nagar DT-11,Ram Nagar,160,83,2026-07-09,644.45,603.81
DT-011,Ram Nagar DT-11,Ram Nagar,160,83,2026-07-10,546.66,513.58
DT-011,Ram Nagar DT-11,Ram Nagar,160,83,2026-07-11,558.8,533.38
DT-011,Ram Nagar DT-11,Ram Nagar,160,83,2026-07-12,533.19,503.4
DT-011,Ram Nagar DT-11,Ram Nagar,160,83,2026-07-13,688.74,639.59
DT-011,Ram Nagar DT-11,Ram Nagar,160,83,2026-07-14,647.61,595.34
DT-011,Ram Nagar DT-11,Ram Nagar,160,83,2026-07-15,643.6,608.59
DT-011,Ram Nagar DT-11,Ram Nagar,160,83,2026-07-16,535.52,516.83
DT-011,Ram Nagar DT-11,Ram Nagar,160,83,2026-07-17,695.21,660.23
DT-011,Ram Nagar DT-11,Ram Nagar,160,83,2026-07-18,560.23,525.26
DT-011,Ram Nagar DT-11,Ram Nagar,160,83,2026-07-19,520.57,479.82
DT-011,Ram Nagar DT-11,Ram Nagar,160,83,2026-07-20,549.87,521.53
DT-011,Ram Nagar DT-11,Ram Nagar,160,83,2026-07-21,547.34,521.78
DT-011,Ram Nagar DT-11,Ram Nagar,160,83,2026-07-22,635.21,584.5
DT-011,Ram Nagar DT-11,Ram Nagar,160,83,2026-07-23,624.23,599.35
DT-011,Ram Nagar DT-11,Ram Nagar,160,83,2026-07-24,672.21,624.66
DT-011,Ram Nagar DT-11,Ram Nagar,160,83,2026-07-25,517.96,491.65
DT-011,Ram Nagar DT-11,Ram Nagar,160,83,2026-07-26,518.24,489.45
DT-011,Ram Nagar DT-11,Ram Nagar,160,83,2026-07-27,661.61,623.86
DT-011,Ram Nagar DT-11,Ram Nagar,160,83,2026-07-28,625.82,583.18
DT-011,Ram Nagar DT-11,Ram Nagar,160,83,2026-07-29,631.35,576.12
DT-011,Ram Nagar DT-11,Ram Nagar,160,83,2026-07-30,571.6,532.76
DT-011,Ram Nagar DT-11,Ram Nagar,160,83,2026-07-31,604.68,564.55
DT-011,Ram Nagar DT-11,Ram Nagar,160,83,2026-08-01,535.64,500.36
DT-011,Ram Nagar DT-11,Ram Nagar,160,83,2026-08-02,731.65,672.84
DT-011,Ram Nagar DT-11,Ram Nagar,160,83,2026-08-03,687.12,634.7
DT-011,Ram Nagar DT-11,Ram Nagar,160,83,2026-08-04,566.64,526.39
DT-011,Ram Nagar DT-11,Ram Nagar,160,83,2026-08-05,569.45,523.28
DT-011,Ram Nagar DT-11,Ram Nagar,160,83,2026-08-06,551.48,517.55
DT-011,Ram Nagar DT-11,Ram Nagar,160,83,2026-08-07,677.76,638.47
DT-011,Ram Nagar DT-11,Ram Nagar,160,83,2026-08-08,645.68,603.43
DT-011,Ram Nagar DT-11,Ram Nagar,160,83,2026-08-09,525.75,483.91
DT-011,Ram Nagar DT-11,Ram Nagar,160,83,2026-08-10,586.35,551.96
DT-011,Ram Nagar DT-11,Ram Nagar,160,83,2026-08-11,608.48,559.84
DT-011,Ram Nagar DT-11,Ram Nagar,160,83,2026-08-12,730.59,674.84
DT-011,Ram Nagar DT-11,Ram Nagar,160,83,2026-08-13,570.73,536.83
DT-011,Ram Nagar DT-11,Ram Nagar,160,83,2026-08-14,634.99,587.85
DT-011,Ram Nagar DT-11,Ram Nagar,160,83,2026-08-15,607.67,562.89
DT-011,Ram Nagar DT-11,Ram Nagar,160,83,2026-08-16,653.28,600.32
DT-011,Ram Nagar DT-11,Ram Nagar,160,83,2026-08-17,642.3,598.83
DT-011,Ram Nagar DT-11,Ram Nagar,160,83,2026-08-18,606.75,572.62
DT-011,Ram Nagar DT-11,Ram Nagar,160,83,2026-08-19,554.45,520.03
DT-011,Ram Nagar DT-11,Ram Nagar,160,83,2026-08-20,549.97,509.05
DT-011,Ram Nagar DT-11,Ram Nagar,160,83,2026-08-21,673.06,636.25
DT-011,Ram Nagar DT-11,Ram Nagar,160,83,2026-08-22,514.69,485.97
DT-011,Ram Nagar DT-11,Ram Nagar,160,83,2026-08-23,548.73,513.31
DT-011,Ram Nagar DT-11,Ram Nagar,160,83,2026-08-24,670.85,622.67
DT-011,Ram Nagar DT-11,Ram Nagar,160,83,2026-08-25,542.65,507.83
DT-011,Ram Nagar DT-11,Ram Nagar,160,83,2026-08-26,653.56,612.85
DT-011,Ram Nagar DT-11,Ram Nagar,160,83,2026-08-27,659.21,618.16
DT-011,Ram Nagar DT-11,Ram Nagar,160,83,2026-08-28,698.27,654.5
DT-011,Ram Nagar DT-11,Ram Nagar,160,83,2026-08-29,631.45,586.75
DT-011,Ram Nagar DT-11,Ram Nagar,160,83,2026-08-30,627.04,589.1
DT-011,Ram Nagar DT-11,Ram Nagar,160,83,2026-08-31,715.57,653.31
DT-012,Green Park DT-12,Green Park,200,42,2026-07-03,194.92,155.27
DT-012,Green Park DT-12,Green Park,200,42,2026-07-04,185.96,152.03
DT-012,Green Park DT-12,Green Park,200,42,2026-07-05,189.35,154.15
DT-012,Green Park DT-12,Green Park,200,42,2026-07-06,160.57,132.01
DT-012,Green Park DT-12,Green Park,200,42,2026-07-07,189.51,159.9
DT-012,Green Park DT-12,Green Park,200,42,2026-07-08,190.95,158.97
DT-012,Green Park DT-12,Green Park,200,42,2026-07-09,168.42,136.02
DT-012,Green Park DT-12,Green Park,200,42,2026-07-10,160.7,132.73
DT-012,Green Park DT-12,Green Park,200,42,2026-07-11,184.63,151.26
DT-012,Green Park DT-12,Green Park,200,42,2026-07-12,153.73,125.98
DT-012,Green Park DT-12,Green Park,200,42,2026-07-13,216.26,173.86
DT-012,Green Park DT-12,Green Park,200,42,2026-07-14,164.65,134.48
DT-012,Green Park DT-12,Green Park,200,42,2026-07-15,185.2,150.45
DT-012,Green Park DT-12,Green Park,200,42,2026-07-16,188.48,149.47
DT-012,Green Park DT-12,Green Park,200,42,2026-07-17,203.86,162.83
DT-012,Green Park DT-12,Green Park,200,42,2026-07-18,195.3,159.26
DT-012,Green Park DT-12,Green Park,200,42,2026-07-19,164.21,133.69
DT-012,Green Park DT-12,Green Park,200,42,2026-07-20,191.04,151.62
DT-012,Green Park DT-12,Green Park,200,42,2026-07-21,202.44,159.43
DT-012,Green Park DT-12,Green Park,200,42,2026-07-22,158.63,131.35
DT-012,Green Park DT-12,Green Park,200,42,2026-07-23,166.2,130.41
DT-012,Green Park DT-12,Green Park,200,42,2026-07-24,200.34,160.21
DT-012,Green Park DT-12,Green Park,200,42,2026-07-25,179.8,146.79
DT-012,Green Park DT-12,Green Park,200,42,2026-07-26,216.79,172.0
DT-012,Green Park DT-12,Green Park,200,42,2026-07-27,190.48,156.67
DT-012,Green Park DT-12,Green Park,200,42,2026-07-28,207.61,162.08
DT-012,Green Park DT-12,Green Park,200,42,2026-07-29,189.65,150.34
DT-012,Green Park DT-12,Green Park,200,42,2026-07-30,172.05,134.27
DT-012,Green Park DT-12,Green Park,200,42,2026-07-31,216.1,172.37
DT-012,Green Park DT-12,Green Park,200,42,2026-08-01,188.69,148.99
DT-012,Green Park DT-12,Green Park,200,42,2026-08-02,169.66,137.31
DT-012,Green Park DT-12,Green Park,200,42,2026-08-03,172.5,141.69
DT-012,Green Park DT-12,Green Park,200,42,2026-08-04,191.0,157.26
DT-012,Green Park DT-12,Green Park,200,42,2026-08-05,188.56,156.26
DT-012,Green Park DT-12,Green Park,200,42,2026-08-06,208.06,168.53
DT-012,Green Park DT-12,Green Park,200,42,2026-08-07,167.29,135.83
DT-012,Green Park DT-12,Green Park,200,42,2026-08-08,200.6,160.48
DT-012,Green Park DT-12,Green Park,200,42,2026-08-09,168.55,136.71
DT-012,Green Park DT-12,Green Park,200,42,2026-08-10,202.98,164.06
DT-012,Green Park DT-12,Green Park,200,42,2026-08-11,201.5,160.29
DT-012,Green Park DT-12,Green Park,200,42,2026-08-12,177.15,143.59
DT-012,Green Park DT-12,Green Park,200,42,2026-08-13,213.0,170.85
DT-012,Green Park DT-12,Green Park,200,42,2026-08-14,202.73,163.7
DT-012,Green Park DT-12,Green Park,200,42,2026-08-15,165.81,135.99
DT-012,Green Park DT-12,Green Park,200,42,2026-08-16,199.34,156.83
DT-012,Green Park DT-12,Green Park,200,42,2026-08-17,189.23,153.89
DT-012,Green Park DT-12,Green Park,200,42,2026-08-18,198.99,164.32
DT-012,Green Park DT-12,Green Park,200,42,2026-08-19,189.62,153.53
DT-012,Green Park DT-12,Green Park,200,42,2026-08-20,182.71,151.02
DT-012,Green Park DT-12,Green Park,200,42,2026-08-21,203.76,161.82
DT-012,Green Park DT-12,Green Park,200,42,2026-08-22,201.07,160.35
DT-012,Green Park DT-12,Green Park,200,42,2026-08-23,202.15,162.75
DT-012,Green Park DT-12,Green Park,200,42,2026-08-24,195.31,155.64
DT-012,Green Park DT-12,Green Park,200,42,2026-08-25,189.83,153.56
DT-012,Green Park DT-12,Green Park,200,42,2026-08-26,188.74,153.36
DT-012,Green Park DT-12,Green Park,200,42,2026-08-27,182.48,147.08
DT-012,Green Park DT-12,Green Park,200,42,2026-08-28,188.21,152.67
DT-012,Green Park DT-12,Green Park,200,42,2026-08-29,173.87,136.51
DT-012,Green Park DT-12,Green Park,200,42,2026-08-30,159.09,125.68
DT-012,Green Park DT-12,Green Park,200,42,2026-08-31,178.4,142.14
DT-013,Shastri Nagar DT-13,Shastri Nagar,250,83,2026-07-03,762.04,715.63
DT-013,Shastri Nagar DT-13,Shastri Nagar,250,83,2026-07-04,709.53,645.93
DT-013,Shastri Nagar DT-13,Shastri Nagar,250,83,2026-07-05,631.52,587.26
DT-013,Shastri Nagar DT-13,Shastri Nagar,250,83,2026-07-06,594.44,555.33
DT-013,Shastri Nagar DT-13,Shastri Nagar,250,83,2026-07-07,639.47,603.85
DT-013,Shastri Nagar DT-13,Shastri Nagar,250,83,2026-07-08,624.49,589.13
DT-013,Shastri Nagar DT-13,Shastri Nagar,250,83,2026-07-09,751.67,718.31
DT-013,Shastri Nagar DT-13,Shastri Nagar,250,83,2026-07-10,624.14,590.86
DT-013,Shastri Nagar DT-13,Shastri Nagar,250,83,2026-07-11,721.85,670.0
DT-013,Shastri Nagar DT-13,Shastri Nagar,250,83,2026-07-12,688.39,641.35
DT-013,Shastri Nagar DT-13,Shastri Nagar,250,83,2026-07-13,615.97,574.83
DT-013,Shastri Nagar DT-13,Shastri Nagar,250,83,2026-07-14,781.71,742.32
DT-013,Shastri Nagar DT-13,Shastri Nagar,250,83,2026-07-15,665.11,622.79
DT-013,Shastri Nagar DT-13,Shastri Nagar,250,83,2026-07-16,661.35,621.12
DT-013,Shastri Nagar DT-13,Shastri Nagar,250,83,2026-07-17,711.29,686.27
DT-013,Shastri Nagar DT-13,Shastri Nagar,250,83,2026-07-18,771.63,723.56
DT-013,Shastri Nagar DT-13,Shastri Nagar,250,83,2026-07-19,722.04,679.65
DT-013,Shastri Nagar DT-13,Shastri Nagar,250,83,2026-07-20,646.68,611.25
DT-013,Shastri Nagar DT-13,Shastri Nagar,250,83,2026-07-21,649.89,594.67
DT-013,Shastri Nagar DT-13,Shastri Nagar,250,83,2026-07-22,700.85,647.67
DT-013,Shastri Nagar DT-13,Shastri Nagar,250,83,2026-07-23,627.25,584.87
DT-013,Shastri Nagar DT-13,Shastri Nagar,250,83,2026-07-24,626.41,595.04
DT-013,Shastri Nagar DT-13,Shastri Nagar,250,83,2026-07-25,684.07,623.11
DT-013,Shastri Nagar DT-13,Shastri Nagar,250,83,2026-07-26,564.8,537.04
DT-013,Shastri Nagar DT-13,Shastri Nagar,250,83,2026-07-27,595.95,554.83
DT-013,Shastri Nagar DT-13,Shastri Nagar,250,83,2026-07-28,687.01,648.99
DT-013,Shastri Nagar DT-13,Shastri Nagar,250,83,2026-07-29,738.12,692.86
DT-013,Shastri Nagar DT-13,Shastri Nagar,250,83,2026-07-30,596.06,569.04
DT-013,Shastri Nagar DT-13,Shastri Nagar,250,83,2026-07-31,656.25,611.05
DT-013,Shastri Nagar DT-13,Shastri Nagar,250,83,2026-08-01,711.63,668.54
DT-013,Shastri Nagar DT-13,Shastri Nagar,250,83,2026-08-02,647.86,616.83
DT-013,Shastri Nagar DT-13,Shastri Nagar,250,83,2026-08-03,666.77,625.08
DT-013,Shastri Nagar DT-13,Shastri Nagar,250,83,2026-08-04,654.92,622.16
DT-013,Shastri Nagar DT-13,Shastri Nagar,250,83,2026-08-05,759.07,706.05
DT-013,Shastri Nagar DT-13,Shastri Nagar,250,83,2026-08-06,782.8,726.75
DT-013,Shastri Nagar DT-13,Shastri Nagar,250,83,2026-08-07,765.51,726.41
DT-013,Shastri Nagar DT-13,Shastri Nagar,250,83,2026-08-08,677.9,635.31
DT-013,Shastri Nagar DT-13,Shastri Nagar,250,83,2026-08-09,660.85,624.05
DT-013,Shastri Nagar DT-13,Shastri Nagar,250,83,2026-08-10,743.81,694.71
DT-013,Shastri Nagar DT-13,Shastri Nagar,250,83,2026-08-11,750.01,729.0
DT-013,Shastri Nagar DT-13,Shastri Nagar,250,83,2026-08-12,667.73,624.12
DT-013,Shastri Nagar DT-13,Shastri Nagar,250,83,2026-08-13,785.88,738.0
DT-013,Shastri Nagar DT-13,Shastri Nagar,250,83,2026-08-14,651.67,612.0
DT-013,Shastri Nagar DT-13,Shastri Nagar,250,83,2026-08-15,615.85,574.81
DT-013,Shastri Nagar DT-13,Shastri Nagar,250,83,2026-08-16,648.78,626.59
DT-013,Shastri Nagar DT-13,Shastri Nagar,250,83,2026-08-17,681.18,634.57
DT-013,Shastri Nagar DT-13,Shastri Nagar,250,83,2026-08-18,609.95,578.41
DT-013,Shastri Nagar DT-13,Shastri Nagar,250,83,2026-08-19,592.93,554.37
DT-013,Shastri Nagar DT-13,Shastri Nagar,250,83,2026-08-20,697.46,660.17
DT-013,Shastri Nagar DT-13,Shastri Nagar,250,83,2026-08-21,654.09,599.99
DT-013,Shastri Nagar DT-13,Shastri Nagar,250,83,2026-08-22,568.6,538.6
DT-013,Shastri Nagar DT-13,Shastri Nagar,250,83,2026-08-23,669.33,628.47
DT-013,Shastri Nagar DT-13,Shastri Nagar,250,83,2026-08-24,759.17,702.18
DT-013,Shastri Nagar DT-13,Shastri Nagar,250,83,2026-08-25,750.99,711.42
DT-013,Shastri Nagar DT-13,Shastri Nagar,250,83,2026-08-26,609.93,572.56
DT-013,Shastri Nagar DT-13,Shastri Nagar,250,83,2026-08-27,649.93,633.23
DT-013,Shastri Nagar DT-13,Shastri Nagar,250,83,2026-08-28,639.08,600.16
DT-013,Shastri Nagar DT-13,Shastri Nagar,250,83,2026-08-29,630.46,586.46
DT-013,Shastri Nagar DT-13,Shastri Nagar,250,83,2026-08-30,620.73,578.88
DT-013,Shastri Nagar DT-13,Shastri Nagar,250,83,2026-08-31,715.94,673.52
DT-014,Bus Stand Road DT-14,Bus Stand Road,200,102,2026-07-03,718.62,632.55
DT-014,Bus Stand Road DT-14,Bus Stand Road,200,102,2026-07-04,610.38,560.4
DT-014,Bus Stand Road DT-14,Bus Stand Road,200,102,2026-07-05,584.78,520.03
DT-014,Bus Stand Road DT-14,Bus Stand Road,200,102,2026-07-06,806.82,709.84
DT-014,Bus Stand Road DT-14,Bus Stand Road,200,102,2026-07-07,730.33,647.73
DT-014,Bus Stand Road DT-14,Bus Stand Road,200,102,2026-07-08,753.5,662.98
DT-014,Bus Stand Road DT-14,Bus Stand Road,200,102,2026-07-09,811.11,707.06
DT-014,Bus Stand Road DT-14,Bus Stand Road,200,102,2026-07-10,769.92,693.99
DT-014,Bus Stand Road DT-14,Bus Stand Road,200,102,2026-07-11,582.46,522.31
DT-014,Bus Stand Road DT-14,Bus Stand Road,200,102,2026-07-12,596.53,539.22
DT-014,Bus Stand Road DT-14,Bus Stand Road,200,102,2026-07-13,614.4,548.96
DT-014,Bus Stand Road DT-14,Bus Stand Road,200,102,2026-07-14,785.94,709.4
DT-014,Bus Stand Road DT-14,Bus Stand Road,200,102,2026-07-15,804.5,723.91
DT-014,Bus Stand Road DT-14,Bus Stand Road,200,102,2026-07-16,676.29,601.42
DT-014,Bus Stand Road DT-14,Bus Stand Road,200,102,2026-07-17,759.63,670.42
DT-014,Bus Stand Road DT-14,Bus Stand Road,200,102,2026-07-18,694.35,617.83
DT-014,Bus Stand Road DT-14,Bus Stand Road,200,102,2026-07-19,627.88,557.38
DT-014,Bus Stand Road DT-14,Bus Stand Road,200,102,2026-07-20,846.37,737.32
DT-014,Bus Stand Road DT-14,Bus Stand Road,200,102,2026-07-21,620.55,554.1
DT-014,Bus Stand Road DT-14,Bus Stand Road,200,102,2026-07-22,788.24,712.68
DT-014,Bus Stand Road DT-14,Bus Stand Road,200,102,2026-07-23,718.75,615.78
DT-014,Bus Stand Road DT-14,Bus Stand Road,200,102,2026-07-24,621.68,560.79
DT-014,Bus Stand Road DT-14,Bus Stand Road,200,102,2026-07-25,644.21,563.08
DT-014,Bus Stand Road DT-14,Bus Stand Road,200,102,2026-07-26,765.04,698.51
DT-014,Bus Stand Road DT-14,Bus Stand Road,200,102,2026-07-27,748.69,658.28
DT-014,Bus Stand Road DT-14,Bus Stand Road,200,102,2026-07-28,634.89,567.81
DT-014,Bus Stand Road DT-14,Bus Stand Road,200,102,2026-07-29,772.59,688.14
DT-014,Bus Stand Road DT-14,Bus Stand Road,200,102,2026-07-30,791.89,702.34
DT-014,Bus Stand Road DT-14,Bus Stand Road,200,102,2026-07-31,645.47,572.96
DT-014,Bus Stand Road DT-14,Bus Stand Road,200,102,2026-08-01,682.56,602.22
DT-014,Bus Stand Road DT-14,Bus Stand Road,200,102,2026-08-02,656.84,581.58
DT-014,Bus Stand Road DT-14,Bus Stand Road,200,102,2026-08-03,816.85,725.86
DT-014,Bus Stand Road DT-14,Bus Stand Road,200,102,2026-08-04,775.17,689.64
DT-014,Bus Stand Road DT-14,Bus Stand Road,200,102,2026-08-05,776.16,669.97
DT-014,Bus Stand Road DT-14,Bus Stand Road,200,102,2026-08-06,717.8,636.59
DT-014,Bus Stand Road DT-14,Bus Stand Road,200,102,2026-08-07,703.47,614.73
DT-014,Bus Stand Road DT-14,Bus Stand Road,200,102,2026-08-08,574.72,511.49
DT-014,Bus Stand Road DT-14,Bus Stand Road,200,102,2026-08-09,745.61,651.3
DT-014,Bus Stand Road DT-14,Bus Stand Road,200,102,2026-08-10,654.39,568.26
DT-014,Bus Stand Road DT-14,Bus Stand Road,200,102,2026-08-11,749.62,651.58
DT-014,Bus Stand Road DT-14,Bus Stand Road,200,102,2026-08-12,667.63,590.93
DT-014,Bus Stand Road DT-14,Bus Stand Road,200,102,2026-08-13,732.33,636.22
DT-014,Bus Stand Road DT-14,Bus Stand Road,200,102,2026-08-14,704.21,623.59
DT-014,Bus Stand Road DT-14,Bus Stand Road,200,102,2026-08-15,736.25,654.31
DT-014,Bus Stand Road DT-14,Bus Stand Road,200,102,2026-08-16,747.65,638.7
DT-014,Bus Stand Road DT-14,Bus Stand Road,200,102,2026-08-17,632.93,557.05
DT-014,Bus Stand Road DT-14,Bus Stand Road,200,102,2026-08-18,679.65,617.15
DT-014,Bus Stand Road DT-14,Bus Stand Road,200,102,2026-08-19,784.48,685.16
DT-014,Bus Stand Road DT-14,Bus Stand Road,200,102,2026-08-20,769.19,709.78
DT-014,Bus Stand Road DT-14,Bus Stand Road,200,102,2026-08-21,674.46,608.92
DT-014,Bus Stand Road DT-14,Bus Stand Road,200,102,2026-08-22,671.53,598.48
DT-014,Bus Stand Road DT-14,Bus Stand Road,200,102,2026-08-23,715.36,630.5
DT-014,Bus Stand Road DT-14,Bus Stand Road,200,102,2026-08-24,804.43,715.08
DT-014,Bus Stand Road DT-14,Bus Stand Road,200,102,2026-08-25,638.57,568.07
DT-014,Bus Stand Road DT-14,Bus Stand Road,200,102,2026-08-26,653.97,583.22
DT-014,Bus Stand Road DT-14,Bus Stand Road,200,102,2026-08-27,768.31,676.21
DT-014,Bus Stand Road DT-14,Bus Stand Road,200,102,2026-08-28,656.62,590.55
DT-014,Bus Stand Road DT-14,Bus Stand Road,200,102,2026-08-29,791.51,697.83
DT-014,Bus Stand Road DT-14,Bus Stand Road,200,102,2026-08-30,639.69,565.62
DT-014,Bus Stand Road DT-14,Bus Stand Road,200,102,2026-08-31,803.74,714.14
DT-015,Railway Colony DT-15,Railway Colony,200,117,2026-07-03,952.95,888.56
DT-015,Railway Colony DT-15,Railway Colony,200,117,2026-07-04,679.06,636.23
DT-015,Railway Colony DT-15,Railway Colony,200,117,2026-07-05,714.29,663.68
DT-015,Railway Colony DT-15,Railway Colony,200,117,2026-07-06,787.24,732.48
DT-015,Railway Colony DT-15,Railway Colony,200,117,2026-07-07,776.37,706.44
DT-015,Railway Colony DT-15,Railway Colony,200,117,2026-07-08,964.11,911.78
DT-015,Railway Colony DT-15,Railway Colony,200,117,2026-07-09,739.18,712.33
DT-015,Railway Colony DT-15,Railway Colony,200,117,2026-07-10,837.26,799.12
DT-015,Railway Colony DT-15,Railway Colony,200,117,2026-07-11,887.69,819.82
DT-015,Railway Colony DT-15,Railway Colony,200,117,2026-07-12,787.58,745.76
DT-015,Railway Colony DT-15,Railway Colony,200,117,2026-07-13,926.6,872.47
DT-015,Railway Colony DT-15,Railway Colony,200,117,2026-07-14,931.84,861.34
DT-015,Railway Colony DT-15,Railway Colony,200,117,2026-07-15,784.51,745.82
DT-015,Railway Colony DT-15,Railway Colony,200,117,2026-07-16,842.28,781.26
DT-015,Railway Colony DT-15,Railway Colony,200,117,2026-07-17,964.23,909.43
DT-015,Railway Colony DT-15,Railway Colony,200,117,2026-07-18,853.08,788.48
DT-015,Railway Colony DT-15,Railway Colony,200,117,2026-07-19,721.6,700.83
DT-015,Railway Colony DT-15,Railway Colony,200,117,2026-07-20,831.71,788.5
DT-015,Railway Colony DT-15,Railway Colony,200,117,2026-07-21,995.5,917.34
DT-015,Railway Colony DT-15,Railway Colony,200,117,2026-07-22,846.13,770.8
DT-015,Railway Colony DT-15,Railway Colony,200,117,2026-07-23,819.0,771.17
DT-015,Railway Colony DT-15,Railway Colony,200,117,2026-07-24,816.5,744.48
DT-015,Railway Colony DT-15,Railway Colony,200,117,2026-07-25,652.38,623.08
DT-015,Railway Colony DT-15,Railway Colony,200,117,2026-07-26,799.88,754.98
DT-015,Railway Colony DT-15,Railway Colony,200,117,2026-07-27,877.49,817.93
DT-015,Railway Colony DT-15,Railway Colony,200,117,2026-07-28,925.37,877.95
DT-015,Railway Colony DT-15,Railway Colony,200,117,2026-07-29,891.31,818.89
DT-015,Railway Colony DT-15,Railway Colony,200,117,2026-07-30,978.86,919.72
DT-015,Railway Colony DT-15,Railway Colony,200,117,2026-07-31,842.5,793.45
DT-015,Railway Colony DT-15,Railway Colony,200,117,2026-08-01,757.64,715.58
DT-015,Railway Colony DT-15,Railway Colony,200,117,2026-08-02,825.81,757.34
DT-015,Railway Colony DT-15,Railway Colony,200,117,2026-08-03,992.36,916.81
DT-015,Railway Colony DT-15,Railway Colony,200,117,2026-08-04,994.0,934.77
DT-015,Railway Colony DT-15,Railway Colony,200,117,2026-08-05,919.56,846.04
DT-015,Railway Colony DT-15,Railway Colony,200,117,2026-08-06,915.21,863.46
DT-015,Railway Colony DT-15,Railway Colony,200,117,2026-08-07,846.86,791.91
DT-015,Railway Colony DT-15,Railway Colony,200,117,2026-08-08,762.57,740.44
DT-015,Railway Colony DT-15,Railway Colony,200,117,2026-08-09,796.22,727.51
DT-015,Railway Colony DT-15,Railway Colony,200,117,2026-08-10,805.98,759.9
DT-015,Railway Colony DT-15,Railway Colony,200,117,2026-08-11,954.39,899.64
DT-015,Railway Colony DT-15,Railway Colony,200,117,2026-08-12,914.65,860.81
DT-015,Railway Colony DT-15,Railway Colony,200,117,2026-08-13,839.6,777.88
DT-015,Railway Colony DT-15,Railway Colony,200,117,2026-08-14,859.9,820.16
DT-015,Railway Colony DT-15,Railway Colony,200,117,2026-08-15,719.33,682.55
DT-015,Railway Colony DT-15,Railway Colony,200,117,2026-08-16,923.48,871.08
DT-015,Railway Colony DT-15,Railway Colony,200,117,2026-08-17,961.87,887.74
DT-015,Railway Colony DT-15,Railway Colony,200,117,2026-08-18,844.49,798.07
DT-015,Railway Colony DT-15,Railway Colony,200,117,2026-08-19,957.74,892.3
DT-015,Railway Colony DT-15,Railway Colony,200,117,2026-08-20,838.71,772.3
DT-015,Railway Colony DT-15,Railway Colony,200,117,2026-08-21,797.43,750.95
DT-015,Railway Colony DT-15,Railway Colony,200,117,2026-08-22,858.27,783.67
DT-015,Railway Colony DT-15,Railway Colony,200,117,2026-08-23,666.76,639.27
DT-015,Railway Colony DT-15,Railway Colony,200,117,2026-08-24,965.22,910.43
DT-015,Railway Colony DT-15,Railway Colony,200,117,2026-08-25,832.11,767.98
DT-015,Railway Colony DT-15,Railway Colony,200,117,2026-08-26,877.56,843.07
DT-015,Railway Colony DT-15,Railway Colony,200,117,2026-08-27,935.74,869.22
DT-015,Railway Colony DT-15,Railway Colony,200,117,2026-08-28,845.83,796.7
DT-015,Railway Colony DT-15,Railway Colony,200,117,2026-08-29,862.28,808.33
DT-015,Railway Colony DT-15,Railway Colony,200,117,2026-08-30,659.42,617.57
DT-015,Railway Colony DT-15,Railway Colony,200,117,2026-08-31,879.97,814.0
DT-016,Sector 4 DT-16,Sector 4,160,111,2026-07-03,1108.66,1054.62
DT-016,Sector 4 DT-16,Sector 4,160,111,2026-07-04,1045.71,978.92
DT-016,Sector 4 DT-16,Sector 4,160,111,2026-07-05,901.12,841.74
DT-016,Sector 4 DT-16,Sector 4,160,111,2026-07-06,926.46,875.12
DT-016,Sector 4 DT-16,Sector 4,160,111,2026-07-07,1138.0,1058.49
DT-016,Sector 4 DT-16,Sector 4,160,111,2026-07-08,859.47,817.48
DT-016,Sector 4 DT-16,Sector 4,160,111,2026-07-09,1094.07,1035.19
DT-016,Sector 4 DT-16,Sector 4,160,111,2026-07-10,1106.36,1061.78
DT-016,Sector 4 DT-16,Sector 4,160,111,2026-07-11,1041.85,970.31
DT-016,Sector 4 DT-16,Sector 4,160,111,2026-07-12,951.21,883.05
DT-016,Sector 4 DT-16,Sector 4,160,111,2026-07-13,902.43,839.03
DT-016,Sector 4 DT-16,Sector 4,160,111,2026-07-14,1036.59,954.28
DT-016,Sector 4 DT-16,Sector 4,160,111,2026-07-15,963.05,884.87
DT-016,Sector 4 DT-16,Sector 4,160,111,2026-07-16,851.3,798.54
DT-016,Sector 4 DT-16,Sector 4,160,111,2026-07-17,964.0,901.04
DT-016,Sector 4 DT-16,Sector 4,160,111,2026-07-18,908.85,861.7
DT-016,Sector 4 DT-16,Sector 4,160,111,2026-07-19,911.58,869.51
DT-016,Sector 4 DT-16,Sector 4,160,111,2026-07-20,888.25,841.4
DT-016,Sector 4 DT-16,Sector 4,160,111,2026-07-21,976.86,925.05
DT-016,Sector 4 DT-16,Sector 4,160,111,2026-07-22,1027.37,966.41
DT-016,Sector 4 DT-16,Sector 4,160,111,2026-07-23,1015.29,934.38
DT-016,Sector 4 DT-16,Sector 4,160,111,2026-07-24,960.9,900.95
DT-016,Sector 4 DT-16,Sector 4,160,111,2026-07-25,789.89,740.08
DT-016,Sector 4 DT-16,Sector 4,160,111,2026-07-26,780.41,736.29
DT-016,Sector 4 DT-16,Sector 4,160,111,2026-07-27,1002.72,931.89
DT-016,Sector 4 DT-16,Sector 4,160,111,2026-07-28,1060.23,1010.78
DT-016,Sector 4 DT-16,Sector 4,160,111,2026-07-29,878.67,804.04
DT-016,Sector 4 DT-16,Sector 4,160,111,2026-07-30,936.81,876.44
DT-016,Sector 4 DT-16,Sector 4,160,111,2026-07-31,1046.02,985.47
DT-016,Sector 4 DT-16,Sector 4,160,111,2026-08-01,826.54,769.52
DT-016,Sector 4 DT-16,Sector 4,160,111,2026-08-02,1055.28,997.85
DT-016,Sector 4 DT-16,Sector 4,160,111,2026-08-03,965.59,893.89
DT-016,Sector 4 DT-16,Sector 4,160,111,2026-08-04,867.92,801.98
DT-016,Sector 4 DT-16,Sector 4,160,111,2026-08-05,1110.8,1053.27
DT-016,Sector 4 DT-16,Sector 4,160,111,2026-08-06,962.31,908.88
DT-016,Sector 4 DT-16,Sector 4,160,111,2026-08-07,846.36,799.01
DT-016,Sector 4 DT-16,Sector 4,160,111,2026-08-08,1101.86,1044.92
DT-016,Sector 4 DT-16,Sector 4,160,111,2026-08-09,1025.33,934.84
DT-016,Sector 4 DT-16,Sector 4,160,111,2026-08-10,1034.19,954.12
DT-016,Sector 4 DT-16,Sector 4,160,111,2026-08-11,1116.29,1050.52
DT-016,Sector 4 DT-16,Sector 4,160,111,2026-08-12,896.16,854.25
DT-016,Sector 4 DT-16,Sector 4,160,111,2026-08-13,917.96,848.27
DT-016,Sector 4 DT-16,Sector 4,160,111,2026-08-14,941.67,872.64
DT-016,Sector 4 DT-16,Sector 4,160,111,2026-08-15,971.04,920.41
DT-016,Sector 4 DT-16,Sector 4,160,111,2026-08-16,840.69,776.66
DT-016,Sector 4 DT-16,Sector 4,160,111,2026-08-17,958.23,867.52
DT-016,Sector 4 DT-16,Sector 4,160,111,2026-08-18,1018.89,942.73
DT-016,Sector 4 DT-16,Sector 4,160,111,2026-08-19,964.58,893.87
DT-016,Sector 4 DT-16,Sector 4,160,111,2026-08-20,965.17,898.76
DT-016,Sector 4 DT-16,Sector 4,160,111,2026-08-21,1087.18,1016.12
DT-016,Sector 4 DT-16,Sector 4,160,111,2026-08-22,866.17,808.54
DT-016,Sector 4 DT-16,Sector 4,160,111,2026-08-23,813.57,754.5
DT-016,Sector 4 DT-16,Sector 4,160,111,2026-08-24,1031.7,971.26
DT-016,Sector 4 DT-16,Sector 4,160,111,2026-08-25,1055.71,982.81
DT-016,Sector 4 DT-16,Sector 4,160,111,2026-08-26,864.06,812.52
DT-016,Sector 4 DT-16,Sector 4,160,111,2026-08-27,900.82,822.28
DT-016,Sector 4 DT-16,Sector 4,160,111,2026-08-28,983.49,909.9
DT-016,Sector 4 DT-16,Sector 4,160,111,2026-08-29,806.68,772.35
DT-016,Sector 4 DT-16,Sector 4,160,111,2026-08-30,991.71,921.03
DT-016,Sector 4 DT-16,Sector 4,160,111,2026-08-31,1118.42,1050.86
DT-017,Sector 9 DT-17,Sector 9,630,67,2026-07-03,377.63,356.88
DT-017,Sector 9 DT-17,Sector 9,630,67,2026-07-04,454.24,432.47
DT-017,Sector 9 DT-17,Sector 9,630,67,2026-07-05,371.28,352.46
DT-017,Sector 9 DT-17,Sector 9,630,67,2026-07-06,470.63,446.15
DT-017,Sector 9 DT-17,Sector 9,630,67,2026-07-07,371.3,355.9
DT-017,Sector 9 DT-17,Sector 9,630,67,2026-07-08,395.99,373.68
DT-017,Sector 9 DT-17,Sector 9,630,67,2026-07-09,453.73,434.03
DT-017,Sector 9 DT-17,Sector 9,630,67,2026-07-10,440.41,409.47
DT-017,Sector 9 DT-17,Sector 9,630,67,2026-07-11,378.22,353.78
DT-017,Sector 9 DT-17,Sector 9,630,67,2026-07-12,437.33,410.28
DT-017,Sector 9 DT-17,Sector 9,630,67,2026-07-13,452.89,420.91
DT-017,Sector 9 DT-17,Sector 9,630,67,2026-07-14,412.81,384.64
DT-017,Sector 9 DT-17,Sector 9,630,67,2026-07-15,425.29,401.36
DT-017,Sector 9 DT-17,Sector 9,630,67,2026-07-16,403.73,378.6
DT-017,Sector 9 DT-17,Sector 9,630,67,2026-07-17,397.03,368.38
DT-017,Sector 9 DT-17,Sector 9,630,67,2026-07-18,378.69,351.28
DT-017,Sector 9 DT-17,Sector 9,630,67,2026-07-19,482.42,445.37
DT-017,Sector 9 DT-17,Sector 9,630,67,2026-07-20,372.03,357.03
DT-017,Sector 9 DT-17,Sector 9,630,67,2026-07-21,405.62,374.41
DT-017,Sector 9 DT-17,Sector 9,630,67,2026-07-22,448.51,421.01
DT-017,Sector 9 DT-17,Sector 9,630,67,2026-07-23,399.99,383.43
DT-017,Sector 9 DT-17,Sector 9,630,67,2026-07-24,456.15,425.31
DT-017,Sector 9 DT-17,Sector 9,630,67,2026-07-25,388.64,370.49
DT-017,Sector 9 DT-17,Sector 9,630,67,2026-07-26,350.65,325.29
DT-017,Sector 9 DT-17,Sector 9,630,67,2026-07-27,477.56,451.0
DT-017,Sector 9 DT-17,Sector 9,630,67,2026-07-28,359.37,345.99
DT-017,Sector 9 DT-17,Sector 9,630,67,2026-07-29,368.88,345.94
DT-017,Sector 9 DT-17,Sector 9,630,67,2026-07-30,403.87,377.61
DT-017,Sector 9 DT-17,Sector 9,630,67,2026-07-31,415.44,386.96
DT-017,Sector 9 DT-17,Sector 9,630,67,2026-08-01,402.65,378.33
DT-017,Sector 9 DT-17,Sector 9,630,67,2026-08-02,449.41,424.42
DT-017,Sector 9 DT-17,Sector 9,630,67,2026-08-03,413.29,393.48
DT-017,Sector 9 DT-17,Sector 9,630,67,2026-08-04,449.27,423.51
DT-017,Sector 9 DT-17,Sector 9,630,67,2026-08-05,468.82,441.56
DT-017,Sector 9 DT-17,Sector 9,630,67,2026-08-06,460.77,434.6
DT-017,Sector 9 DT-17,Sector 9,630,67,2026-08-07,473.01,443.95
DT-017,Sector 9 DT-17,Sector 9,630,67,2026-08-08,389.85,367.28
DT-017,Sector 9 DT-17,Sector 9,630,67,2026-08-09,424.0,396.87
DT-017,Sector 9 DT-17,Sector 9,630,67,2026-08-10,478.82,451.22
DT-017,Sector 9 DT-17,Sector 9,630,67,2026-08-11,448.13,424.76
DT-017,Sector 9 DT-17,Sector 9,630,67,2026-08-12,412.12,388.51
DT-017,Sector 9 DT-17,Sector 9,630,67,2026-08-13,387.87,374.97
DT-017,Sector 9 DT-17,Sector 9,630,67,2026-08-14,378.66,351.95
DT-017,Sector 9 DT-17,Sector 9,630,67,2026-08-15,467.46,442.61
DT-017,Sector 9 DT-17,Sector 9,630,67,2026-08-16,449.9,428.41
DT-017,Sector 9 DT-17,Sector 9,630,67,2026-08-17,364.95,347.66
DT-017,Sector 9 DT-17,Sector 9,630,67,2026-08-18,444.59,425.19
DT-017,Sector 9 DT-17,Sector 9,630,67,2026-08-19,484.06,452.86
DT-017,Sector 9 DT-17,Sector 9,630,67,2026-08-20,378.42,356.49
DT-017,Sector 9 DT-17,Sector 9,630,67,2026-08-21,449.93,425.73
DT-017,Sector 9 DT-17,Sector 9,630,67,2026-08-22,411.78,401.57
DT-017,Sector 9 DT-17,Sector 9,630,67,2026-08-23,419.61,399.55
DT-017,Sector 9 DT-17,Sector 9,630,67,2026-08-24,398.72,371.18
DT-017,Sector 9 DT-17,Sector 9,630,67,2026-08-25,416.56,390.68
DT-017,Sector 9 DT-17,Sector 9,630,67,2026-08-26,386.65,365.37
DT-017,Sector 9 DT-17,Sector 9,630,67,2026-08-27,455.48,426.24
DT-017,Sector 9 DT-17,Sector 9,630,67,2026-08-28,447.99,421.82
DT-017,Sector 9 DT-17,Sector 9,630,67,2026-08-29,407.33,379.91
DT-017,Sector 9 DT-17,Sector 9,630,67,2026-08-30,443.59,421.66
DT-017,Sector 9 DT-17,Sector 9,630,67,2026-08-31,390.79,358.2
DT-018,Sector 12 DT-18,Sector 12,400,80,2026-07-03,735.29,648.02
DT-018,Sector 12 DT-18,Sector 12,400,80,2026-07-04,726.53,646.42
DT-018,Sector 12 DT-18,Sector 12,400,80,2026-07-05,709.33,623.29
DT-018,Sector 12 DT-18,Sector 12,400,80,2026-07-06,674.31,598.4
DT-018,Sector 12 DT-18,Sector 12,400,80,2026-07-07,695.02,612.04
DT-018,Sector 12 DT-18,Sector 12,400,80,2026-07-08,680.16,596.78
DT-018,Sector 12 DT-18,Sector 12,400,80,2026-07-09,655.39,580.73
DT-018,Sector 12 DT-18,Sector 12,400,80,2026-07-10,630.6,564.61
DT-018,Sector 12 DT-18,Sector 12,400,80,2026-07-11,645.14,572.22
DT-018,Sector 12 DT-18,Sector 12,400,80,2026-07-12,560.32,490.76
DT-018,Sector 12 DT-18,Sector 12,400,80,2026-07-13,831.33,733.08
DT-018,Sector 12 DT-18,Sector 12,400,80,2026-07-14,766.82,680.38
DT-018,Sector 12 DT-18,Sector 12,400,80,2026-07-15,823.36,730.8
DT-018,Sector 12 DT-18,Sector 12,400,80,2026-07-16,719.97,636.64
DT-018,Sector 12 DT-18,Sector 12,400,80,2026-07-17,714.95,626.17
DT-018,Sector 12 DT-18,Sector 12,400,80,2026-07-18,633.78,549.31
DT-018,Sector 12 DT-18,Sector 12,400,80,2026-07-19,746.19,645.06
DT-018,Sector 12 DT-18,Sector 12,400,80,2026-07-20,664.71,591.14
DT-018,Sector 12 DT-18,Sector 12,400,80,2026-07-21,670.68,590.1
DT-018,Sector 12 DT-18,Sector 12,400,80,2026-07-22,786.1,691.36
DT-018,Sector 12 DT-18,Sector 12,400,80,2026-07-23,796.0,703.85
DT-018,Sector 12 DT-18,Sector 12,400,80,2026-07-24,761.27,665.24
DT-018,Sector 12 DT-18,Sector 12,400,80,2026-07-25,817.64,711.89
DT-018,Sector 12 DT-18,Sector 12,400,80,2026-07-26,801.41,690.8
DT-018,Sector 12 DT-18,Sector 12,400,80,2026-07-27,694.35,605.56
DT-018,Sector 12 DT-18,Sector 12,400,80,2026-07-28,703.03,604.31
DT-018,Sector 12 DT-18,Sector 12,400,80,2026-07-29,686.58,613.58
DT-018,Sector 12 DT-18,Sector 12,400,80,2026-07-30,792.84,702.28
DT-018,Sector 12 DT-18,Sector 12,400,80,2026-07-31,680.27,588.83
DT-018,Sector 12 DT-18,Sector 12,400,80,2026-08-01,751.96,659.87
DT-018,Sector 12 DT-18,Sector 12,400,80,2026-08-02,786.96,682.73
DT-018,Sector 12 DT-18,Sector 12,400,80,2026-08-03,720.06,638.68
DT-018,Sector 12 DT-18,Sector 12,400,80,2026-08-04,646.08,573.14
DT-018,Sector 12 DT-18,Sector 12,400,80,2026-08-05,645.09,558.33
DT-018,Sector 12 DT-18,Sector 12,400,80,2026-08-06,771.57,674.8
DT-018,Sector 12 DT-18,Sector 12,400,80,2026-08-07,837.91,728.8
DT-018,Sector 12 DT-18,Sector 12,400,80,2026-08-08,557.56,496.05
DT-018,Sector 12 DT-18,Sector 12,400,80,2026-08-09,682.81,599.98
DT-018,Sector 12 DT-18,Sector 12,400,80,2026-08-10,811.36,704.09
DT-018,Sector 12 DT-18,Sector 12,400,80,2026-08-11,693.97,624.49
DT-018,Sector 12 DT-18,Sector 12,400,80,2026-08-12,671.0,597.24
DT-018,Sector 12 DT-18,Sector 12,400,80,2026-08-13,696.75,623.67
DT-018,Sector 12 DT-18,Sector 12,400,80,2026-08-14,675.64,607.86
DT-018,Sector 12 DT-18,Sector 12,400,80,2026-08-15,807.06,705.86
DT-018,Sector 12 DT-18,Sector 12,400,80,2026-08-16,589.76,529.32
DT-018,Sector 12 DT-18,Sector 12,400,80,2026-08-17,695.98,609.66
DT-018,Sector 12 DT-18,Sector 12,400,80,2026-08-18,665.65,580.4
DT-018,Sector 12 DT-18,Sector 12,400,80,2026-08-19,720.56,631.2
DT-018,Sector 12 DT-18,Sector 12,400,80,2026-08-20,847.81,729.09
DT-018,Sector 12 DT-18,Sector 12,400,80,2026-08-21,814.4,729.68
DT-018,Sector 12 DT-18,Sector 12,400,80,2026-08-22,798.88,703.11
DT-018,Sector 12 DT-18,Sector 12,400,80,2026-08-23,732.71,649.23
DT-018,Sector 12 DT-18,Sector 12,400,80,2026-08-24,658.62,599.88
DT-018,Sector 12 DT-18,Sector 12,400,80,2026-08-25,709.02,635.08
DT-018,Sector 12 DT-18,Sector 12,400,80,2026-08-26,753.28,667.01
DT-018,Sector 12 DT-18,Sector 12,400,80,2026-08-27,818.6,712.57
DT-018,Sector 12 DT-18,Sector 12,400,80,2026-08-28,626.98,548.29
DT-018,Sector 12 DT-18,Sector 12,400,80,2026-08-29,649.25,560.74
DT-018,Sector 12 DT-18,Sector 12,400,80,2026-08-30,698.34,624.05
DT-018,Sector 12 DT-18,Sector 12,400,80,2026-08-31,725.49,644.52
DT-019,Sector 17 DT-19,Sector 17,200,88,2026-07-03,377.94,328.48
DT-019,Sector 17 DT-19,Sector 17,200,88,2026-07-04,360.08,321.27
DT-019,Sector 17 DT-19,Sector 17,200,88,2026-07-05,337.12,300.53
DT-019,Sector 17 DT-19,Sector 17,200,88,2026-07-06,409.81,362.13
DT-019,Sector 17 DT-19,Sector 17,200,88,2026-07-07,419.88,369.19
DT-019,Sector 17 DT-19,Sector 17,200,88,2026-07-08,371.24,321.12
DT-019,Sector 17 DT-19,Sector 17,200,88,2026-07-09,411.54,364.74
DT-019,Sector 17 DT-19,Sector 17,200,88,2026-07-10,399.38,353.27
DT-019,Sector 17 DT-19,Sector 17,200,88,2026-07-11,342.47,298.29
DT-019,Sector 17 DT-19,Sector 17,200,88,2026-07-12,426.37,381.26
DT-019,Sector 17 DT-19,Sector 17,200,88,2026-07-13,373.16,321.3
DT-019,Sector 17 DT-19,Sector 17,200,88,2026-07-14,362.33,319.93
DT-019,Sector 17 DT-19,Sector 17,200,88,2026-07-15,449.67,399.29
DT-019,Sector 17 DT-19,Sector 17,200,88,2026-07-16,471.55,413.44
DT-019,Sector 17 DT-19,Sector 17,200,88,2026-07-17,420.33,370.17
DT-019,Sector 17 DT-19,Sector 17,200,88,2026-07-18,393.1,349.36
DT-019,Sector 17 DT-19,Sector 17,200,88,2026-07-19,360.85,311.91
DT-019,Sector 17 DT-19,Sector 17,200,88,2026-07-20,377.27,332.03
DT-019,Sector 17 DT-19,Sector 17,200,88,2026-07-21,385.7,341.49
DT-019,Sector 17 DT-19,Sector 17,200,88,2026-07-22,453.26,405.66
DT-019,Sector 17 DT-19,Sector 17,200,88,2026-07-23,432.69,376.51
DT-019,Sector 17 DT-19,Sector 17,200,88,2026-07-24,457.38,408.8
DT-019,Sector 17 DT-19,Sector 17,200,88,2026-07-25,413.51,364.76
DT-019,Sector 17 DT-19,Sector 17,200,88,2026-07-26,427.84,382.34
DT-019,Sector 17 DT-19,Sector 17,200,88,2026-07-27,456.93,398.79
DT-019,Sector 17 DT-19,Sector 17,200,88,2026-07-28,445.77,389.16
DT-019,Sector 17 DT-19,Sector 17,200,88,2026-07-29,467.03,412.13
DT-019,Sector 17 DT-19,Sector 17,200,88,2026-07-30,423.01,374.61
DT-019,Sector 17 DT-19,Sector 17,200,88,2026-07-31,353.57,319.66
DT-019,Sector 17 DT-19,Sector 17,200,88,2026-08-01,364.73,324.18
DT-019,Sector 17 DT-19,Sector 17,200,88,2026-08-02,399.33,350.14
DT-019,Sector 17 DT-19,Sector 17,200,88,2026-08-03,460.74,400.15
DT-019,Sector 17 DT-19,Sector 17,200,88,2026-08-04,423.04,372.17
DT-019,Sector 17 DT-19,Sector 17,200,88,2026-08-05,364.59,320.84
DT-019,Sector 17 DT-19,Sector 17,200,88,2026-08-06,452.54,396.07
DT-019,Sector 17 DT-19,Sector 17,200,88,2026-08-07,392.82,340.41
DT-019,Sector 17 DT-19,Sector 17,200,88,2026-08-08,413.81,358.11
DT-019,Sector 17 DT-19,Sector 17,200,88,2026-08-09,416.86,358.86
DT-019,Sector 17 DT-19,Sector 17,200,88,2026-08-10,451.16,396.89
DT-019,Sector 17 DT-19,Sector 17,200,88,2026-08-11,392.23,346.12
DT-019,Sector 17 DT-19,Sector 17,200,88,2026-08-12,358.14,325.25
DT-019,Sector 17 DT-19,Sector 17,200,88,2026-08-13,449.0,396.05
DT-019,Sector 17 DT-19,Sector 17,200,88,2026-08-14,358.63,312.67
DT-019,Sector 17 DT-19,Sector 17,200,88,2026-08-15,416.29,357.96
DT-019,Sector 17 DT-19,Sector 17,200,88,2026-08-16,372.09,325.37
DT-019,Sector 17 DT-19,Sector 17,200,88,2026-08-17,452.61,403.95
DT-019,Sector 17 DT-19,Sector 17,200,88,2026-08-18,430.76,375.38
DT-019,Sector 17 DT-19,Sector 17,200,88,2026-08-19,379.24,332.38
DT-019,Sector 17 DT-19,Sector 17,200,88,2026-08-20,459.0,406.24
DT-019,Sector 17 DT-19,Sector 17,200,88,2026-08-21,370.33,327.3
DT-019,Sector 17 DT-19,Sector 17,200,88,2026-08-22,368.54,329.17
DT-019,Sector 17 DT-19,Sector 17,200,88,2026-08-23,344.65,305.96
DT-019,Sector 17 DT-19,Sector 17,200,88,2026-08-24,421.17,371.93
DT-019,Sector 17 DT-19,Sector 17,200,88,2026-08-25,408.06,358.87
DT-019,Sector 17 DT-19,Sector 17,200,88,2026-08-26,475.92,416.31
DT-019,Sector 17 DT-19,Sector 17,200,88,2026-08-27,434.16,381.93
DT-019,Sector 17 DT-19,Sector 17,200,88,2026-08-28,382.95,338.52
DT-019,Sector 17 DT-19,Sector 17,200,88,2026-08-29,373.59,323.76
DT-019,Sector 17 DT-19,Sector 17,200,88,2026-08-30,422.94,371.49
DT-019,Sector 17 DT-19,Sector 17,200,88,2026-08-31,419.43,369.91
DT-020,Sector 21 DT-20,Sector 21,630,63,2026-07-03,411.38,376.12
DT-020,Sector 21 DT-20,Sector 21,630,63,2026-07-04,397.83,365.85
DT-020,Sector 21 DT-20,Sector 21,630,63,2026-07-05,399.53,360.78
DT-020,Sector 21 DT-20,Sector 21,630,63,2026-07-06,381.84,350.69
DT-020,Sector 21 DT-20,Sector 21,630,63,2026-07-07,380.77,353.03
DT-020,Sector 21 DT-20,Sector 21,630,63,2026-07-08,435.15,409.38
DT-020,Sector 21 DT-20,Sector 21,630,63,2026-07-09,415.59,392.02
DT-020,Sector 21 DT-20,Sector 21,630,63,2026-07-10,422.9,387.17
DT-020,Sector 21 DT-20,Sector 21,630,63,2026-07-11,422.97,406.29
DT-020,Sector 21 DT-20,Sector 21,630,63,2026-07-12,439.35,410.21
DT-020,Sector 21 DT-20,Sector 21,630,63,2026-07-13,356.17,329.63
DT-020,Sector 21 DT-20,Sector 21,630,63,2026-07-14,426.9,387.13
DT-020,Sector 21 DT-20,Sector 21,630,63,2026-07-15,376.22,357.7
DT-020,Sector 21 DT-20,Sector 21,630,63,2026-07-16,452.06,415.64
DT-020,Sector 21 DT-20,Sector 21,630,63,2026-07-17,410.55,377.78
DT-020,Sector 21 DT-20,Sector 21,630,63,2026-07-18,356.93,327.21
DT-020,Sector 21 DT-20,Sector 21,630,63,2026-07-19,423.16,391.61
DT-020,Sector 21 DT-20,Sector 21,630,63,2026-07-20,446.72,415.12
DT-020,Sector 21 DT-20,Sector 21,630,63,2026-07-21,402.93,377.58
DT-020,Sector 21 DT-20,Sector 21,630,63,2026-07-22,395.68,364.65
DT-020,Sector 21 DT-20,Sector 21,630,63,2026-07-23,446.69,420.17
DT-020,Sector 21 DT-20,Sector 21,630,63,2026-07-24,435.56,414.8
DT-020,Sector 21 DT-20,Sector 21,630,63,2026-07-25,407.47,375.05
DT-020,Sector 21 DT-20,Sector 21,630,63,2026-07-26,405.36,368.17
DT-020,Sector 21 DT-20,Sector 21,630,63,2026-07-27,409.69,382.16
DT-020,Sector 21 DT-20,Sector 21,630,63,2026-07-28,342.04,318.24
DT-020,Sector 21 DT-20,Sector 21,630,63,2026-07-29,391.94,362.44
DT-020,Sector 21 DT-20,Sector 21,630,63,2026-07-30,392.08,368.41
DT-020,Sector 21 DT-20,Sector 21,630,63,2026-07-31,347.31,323.97
DT-020,Sector 21 DT-20,Sector 21,630,63,2026-08-01,312.5,290.18
DT-020,Sector 21 DT-20,Sector 21,630,63,2026-08-02,335.54,319.25
DT-020,Sector 21 DT-20,Sector 21,630,63,2026-08-03,332.66,313.52
DT-020,Sector 21 DT-20,Sector 21,630,63,2026-08-04,366.92,342.86
DT-020,Sector 21 DT-20,Sector 21,630,63,2026-08-05,372.96,348.63
DT-020,Sector 21 DT-20,Sector 21,630,63,2026-08-06,334.62,316.01
DT-020,Sector 21 DT-20,Sector 21,630,63,2026-08-07,347.41,315.96
DT-020,Sector 21 DT-20,Sector 21,630,63,2026-08-08,380.42,353.99
DT-020,Sector 21 DT-20,Sector 21,630,63,2026-08-09,430.38,404.85
DT-020,Sector 21 DT-20,Sector 21,630,63,2026-08-10,339.55,322.6
DT-020,Sector 21 DT-20,Sector 21,630,63,2026-08-11,445.4,422.08
DT-020,Sector 21 DT-20,Sector 21,630,63,2026-08-12,393.1,357.1
DT-020,Sector 21 DT-20,Sector 21,630,63,2026-08-13,335.0,315.81
DT-020,Sector 21 DT-20,Sector 21,630,63,2026-08-14,370.41,347.97
DT-020,Sector 21 DT-20,Sector 21,630,63,2026-08-15,372.95,351.44
DT-020,Sector 21 DT-20,Sector 21,630,63,2026-08-16,395.45,365.46
DT-020,Sector 21 DT-20,Sector 21,630,63,2026-08-17,398.56,371.45
DT-020,Sector 21 DT-20,Sector 21,630,63,2026-08-18,431.38,405.82
DT-020,Sector 21 DT-20,Sector 21,630,63,2026-08-19,380.08,350.98
DT-020,Sector 21 DT-20,Sector 21,630,63,2026-08-20,418.2,388.1
DT-020,Sector 21 DT-20,Sector 21,630,63,2026-08-21,448.93,421.37
DT-020,Sector 21 DT-20,Sector 21,630,63,2026-08-22,361.3,343.42
DT-020,Sector 21 DT-20,Sector 21,630,63,2026-08-23,340.77,323.45
DT-020,Sector 21 DT-20,Sector 21,630,63,2026-08-24,407.91,384.47
DT-020,Sector 21 DT-20,Sector 21,630,63,2026-08-25,413.14,390.99
DT-020,Sector 21 DT-20,Sector 21,630,63,2026-08-26,397.27,374.75
DT-020,Sector 21 DT-20,Sector 21,630,63,2026-08-27,372.75,343.22
DT-020,Sector 21 DT-20,Sector 21,630,63,2026-08-28,363.21,340.9
DT-020,Sector 21 DT-20,Sector 21,630,63,2026-08-29,437.46,409.09
DT-020,Sector 21 DT-20,Sector 21,630,63,2026-08-30,331.54,319.07
DT-020,Sector 21 DT-20,Sector 21,630,63,2026-08-31,456.69,416.46
DT-021,Industrial Area A DT-21,Industrial Area A,100,53,2026-07-03,334.71,313.43
DT-021,Industrial Area A DT-21,Industrial Area A,100,53,2026-07-04,367.98,348.87
DT-021,Industrial Area A DT-21,Industrial Area A,100,53,2026-07-05,417.83,386.16
DT-021,Industrial Area A DT-21,Industrial Area A,100,53,2026-07-06,362.79,346.8
DT-021,Industrial Area A DT-21,Industrial Area A,100,53,2026-07-07,348.83,328.48
DT-021,Industrial Area A DT-21,Industrial Area A,100,53,2026-07-08,400.31,380.98
DT-021,Industrial Area A DT-21,Industrial Area A,100,53,2026-07-09,343.72,314.27
DT-021,Industrial Area A DT-21,Industrial Area A,100,53,2026-07-10,348.89,332.42
DT-021,Industrial Area A DT-21,Industrial Area A,100,53,2026-07-11,338.52,311.2
DT-021,Industrial Area A DT-21,Industrial Area A,100,53,2026-07-12,312.1,291.8
DT-021,Industrial Area A DT-21,Industrial Area A,100,53,2026-07-13,409.61,386.54
DT-021,Industrial Area A DT-21,Industrial Area A,100,53,2026-07-14,332.83,315.82
DT-021,Industrial Area A DT-21,Industrial Area A,100,53,2026-07-15,356.91,331.07
DT-021,Industrial Area A DT-21,Industrial Area A,100,53,2026-07-16,380.98,360.06
DT-021,Industrial Area A DT-21,Industrial Area A,100,53,2026-07-17,407.3,381.04
DT-021,Industrial Area A DT-21,Industrial Area A,100,53,2026-07-18,356.19,333.97
DT-021,Industrial Area A DT-21,Industrial Area A,100,53,2026-07-19,321.24,304.38
DT-021,Industrial Area A DT-21,Industrial Area A,100,53,2026-07-20,410.33,383.0
DT-021,Industrial Area A DT-21,Industrial Area A,100,53,2026-07-21,375.53,343.72
DT-021,Industrial Area A DT-21,Industrial Area A,100,53,2026-07-22,363.01,341.53
DT-021,Industrial Area A DT-21,Industrial Area A,100,53,2026-07-23,415.97,388.62
DT-021,Industrial Area A DT-21,Industrial Area A,100,53,2026-07-24,315.78,306.37
DT-021,Industrial Area A DT-21,Industrial Area A,100,53,2026-07-25,316.36,288.45
DT-021,Industrial Area A DT-21,Industrial Area A,100,53,2026-07-26,313.73,294.12
DT-021,Industrial Area A DT-21,Industrial Area A,100,53,2026-07-27,382.19,355.24
DT-021,Industrial Area A DT-21,Industrial Area A,100,53,2026-07-28,316.48,297.66
DT-021,Industrial Area A DT-21,Industrial Area A,100,53,2026-07-29,402.98,372.97
DT-021,Industrial Area A DT-21,Industrial Area A,100,53,2026-07-30,310.99,297.05
DT-021,Industrial Area A DT-21,Industrial Area A,100,53,2026-07-31,391.29,372.12
DT-021,Industrial Area A DT-21,Industrial Area A,100,53,2026-08-01,332.39,310.1
DT-021,Industrial Area A DT-21,Industrial Area A,100,53,2026-08-02,390.99,360.32
DT-021,Industrial Area A DT-21,Industrial Area A,100,53,2026-08-03,334.58,306.04
DT-021,Industrial Area A DT-21,Industrial Area A,100,53,2026-08-04,340.45,323.51
DT-021,Industrial Area A DT-21,Industrial Area A,100,53,2026-08-05,394.09,369.79
DT-021,Industrial Area A DT-21,Industrial Area A,100,53,2026-08-06,358.53,340.2
DT-021,Industrial Area A DT-21,Industrial Area A,100,53,2026-08-07,385.5,358.53
DT-021,Industrial Area A DT-21,Industrial Area A,100,53,2026-08-08,354.57,337.65
DT-021,Industrial Area A DT-21,Industrial Area A,100,53,2026-08-09,350.25,320.28
DT-021,Industrial Area A DT-21,Industrial Area A,100,53,2026-08-10,383.39,357.0
DT-021,Industrial Area A DT-21,Industrial Area A,100,53,2026-08-11,377.28,353.68
DT-021,Industrial Area A DT-21,Industrial Area A,100,53,2026-08-12,372.12,351.59
DT-021,Industrial Area A DT-21,Industrial Area A,100,53,2026-08-13,310.29,297.27
DT-021,Industrial Area A DT-21,Industrial Area A,100,53,2026-08-14,412.4,384.51
DT-021,Industrial Area A DT-21,Industrial Area A,100,53,2026-08-15,424.55,397.23
DT-021,Industrial Area A DT-21,Industrial Area A,100,53,2026-08-16,326.07,305.03
DT-021,Industrial Area A DT-21,Industrial Area A,100,53,2026-08-17,387.8,357.6
DT-021,Industrial Area A DT-21,Industrial Area A,100,53,2026-08-18,377.97,348.56
DT-021,Industrial Area A DT-21,Industrial Area A,100,53,2026-08-19,403.59,378.89
DT-021,Industrial Area A DT-21,Industrial Area A,100,53,2026-08-20,430.83,391.03
DT-021,Industrial Area A DT-21,Industrial Area A,100,53,2026-08-21,412.46,380.3
DT-021,Industrial Area A DT-21,Industrial Area A,100,53,2026-08-22,388.9,357.76
DT-021,Industrial Area A DT-21,Industrial Area A,100,53,2026-08-23,290.19,269.66
DT-021,Industrial Area A DT-21,Industrial Area A,100,53,2026-08-24,418.42,391.97
DT-021,Industrial Area A DT-21,Industrial Area A,100,53,2026-08-25,400.01,373.73
DT-021,Industrial Area A DT-21,Industrial Area A,100,53,2026-08-26,415.68,390.48
DT-021,Industrial Area A DT-21,Industrial Area A,100,53,2026-08-27,320.03,296.56
DT-021,Industrial Area A DT-21,Industrial Area A,100,53,2026-08-28,360.55,339.09
DT-021,Industrial Area A DT-21,Industrial Area A,100,53,2026-08-29,367.96,341.0
DT-021,Industrial Area A DT-21,Industrial Area A,100,53,2026-08-30,355.67,338.75
DT-021,Industrial Area A DT-21,Industrial Area A,100,53,2026-08-31,356.57,331.79
DT-022,Industrial Area B DT-22,Industrial Area B,250,87,2026-07-03,848.81,771.39
DT-022,Industrial Area B DT-22,Industrial Area B,250,87,2026-07-04,771.73,702.0
DT-022,Industrial Area B DT-22,Industrial Area B,250,87,2026-07-05,815.49,716.15
DT-022,Industrial Area B DT-22,Industrial Area B,250,87,2026-07-06,799.82,722.88
DT-022,Industrial Area B DT-22,Industrial Area B,250,87,2026-07-07,667.12,603.68
DT-022,Industrial Area B DT-22,Industrial Area B,250,87,2026-07-08,811.06,733.83
DT-022,Industrial Area B DT-22,Industrial Area B,250,87,2026-07-09,727.16,669.63
DT-022,Industrial Area B DT-22,Industrial Area B,250,87,2026-07-10,744.55,677.19
DT-022,Industrial Area B DT-22,Industrial Area B,250,87,2026-07-11,746.23,683.13
DT-022,Industrial Area B DT-22,Industrial Area B,250,87,2026-07-12,748.47,680.61
DT-022,Industrial Area B DT-22,Industrial Area B,250,87,2026-07-13,717.8,656.51
DT-022,Industrial Area B DT-22,Industrial Area B,250,87,2026-07-14,834.68,756.28
DT-022,Industrial Area B DT-22,Industrial Area B,250,87,2026-07-15,838.05,749.33
DT-022,Industrial Area B DT-22,Industrial Area B,250,87,2026-07-16,657.26,598.99
DT-022,Industrial Area B DT-22,Industrial Area B,250,87,2026-07-17,870.72,787.49
DT-022,Industrial Area B DT-22,Industrial Area B,250,87,2026-07-18,762.2,673.37
DT-022,Industrial Area B DT-22,Industrial Area B,250,87,2026-07-19,827.26,730.29
DT-022,Industrial Area B DT-22,Industrial Area B,250,87,2026-07-20,701.23,639.95
DT-022,Industrial Area B DT-22,Industrial Area B,250,87,2026-07-21,848.79,759.6
DT-022,Industrial Area B DT-22,Industrial Area B,250,87,2026-07-22,776.04,707.6
DT-022,Industrial Area B DT-22,Industrial Area B,250,87,2026-07-23,783.96,703.71
DT-022,Industrial Area B DT-22,Industrial Area B,250,87,2026-07-24,822.51,742.28
DT-022,Industrial Area B DT-22,Industrial Area B,250,87,2026-07-25,670.05,600.64
DT-022,Industrial Area B DT-22,Industrial Area B,250,87,2026-07-26,732.93,653.48
DT-022,Industrial Area B DT-22,Industrial Area B,250,87,2026-07-27,813.13,722.55
DT-022,Industrial Area B DT-22,Industrial Area B,250,87,2026-07-28,872.51,762.65
DT-022,Industrial Area B DT-22,Industrial Area B,250,87,2026-07-29,807.11,720.54
DT-022,Industrial Area B DT-22,Industrial Area B,250,87,2026-07-30,727.01,660.52
DT-022,Industrial Area B DT-22,Industrial Area B,250,87,2026-07-31,835.76,764.27
DT-022,Industrial Area B DT-22,Industrial Area B,250,87,2026-08-01,760.27,681.66
DT-022,Industrial Area B DT-22,Industrial Area B,250,87,2026-08-02,704.18,643.17
DT-022,Industrial Area B DT-22,Industrial Area B,250,87,2026-08-03,799.38,722.64
DT-022,Industrial Area B DT-22,Industrial Area B,250,87,2026-08-04,709.26,642.59
DT-022,Industrial Area B DT-22,Industrial Area B,250,87,2026-08-05,685.05,608.84
DT-022,Industrial Area B DT-22,Industrial Area B,250,87,2026-08-06,793.58,716.93
DT-022,Industrial Area B DT-22,Industrial Area B,250,87,2026-08-07,760.83,692.68
DT-022,Industrial Area B DT-22,Industrial Area B,250,87,2026-08-08,572.17,527.25
DT-022,Industrial Area B DT-22,Industrial Area B,250,87,2026-08-09,755.85,681.09
DT-022,Industrial Area B DT-22,Industrial Area B,250,87,2026-08-10,832.4,751.44
DT-022,Industrial Area B DT-22,Industrial Area B,250,87,2026-08-11,661.38,585.9
DT-022,Industrial Area B DT-22,Industrial Area B,250,87,2026-08-12,701.26,639.41
DT-022,Industrial Area B DT-22,Industrial Area B,250,87,2026-08-13,768.72,698.33
DT-022,Industrial Area B DT-22,Industrial Area B,250,87,2026-08-14,858.76,775.29
DT-022,Industrial Area B DT-22,Industrial Area B,250,87,2026-08-15,722.75,644.86
DT-022,Industrial Area B DT-22,Industrial Area B,250,87,2026-08-16,697.65,613.76
DT-022,Industrial Area B DT-22,Industrial Area B,250,87,2026-08-17,734.85,645.78
DT-022,Industrial Area B DT-22,Industrial Area B,250,87,2026-08-18,844.97,747.2
DT-022,Industrial Area B DT-22,Industrial Area B,250,87,2026-08-19,727.15,663.41
DT-022,Industrial Area B DT-22,Industrial Area B,250,87,2026-08-20,659.11,594.36
DT-022,Industrial Area B DT-22,Industrial Area B,250,87,2026-08-21,720.33,674.83
DT-022,Industrial Area B DT-22,Industrial Area B,250,87,2026-08-22,723.41,651.52
DT-022,Industrial Area B DT-22,Industrial Area B,250,87,2026-08-23,674.92,592.04
DT-022,Industrial Area B DT-22,Industrial Area B,250,87,2026-08-24,883.02,787.85
DT-022,Industrial Area B DT-22,Industrial Area B,250,87,2026-08-25,653.61,598.83
DT-022,Industrial Area B DT-22,Industrial Area B,250,87,2026-08-26,698.21,627.72
DT-022,Industrial Area B DT-22,Industrial Area B,250,87,2026-08-27,747.73,677.83
DT-022,Industrial Area B DT-22,Industrial Area B,250,87,2026-08-28,718.3,667.03
DT-022,Industrial Area B DT-22,Industrial Area B,250,87,2026-08-29,802.88,712.07
DT-022,Industrial Area B DT-22,Industrial Area B,250,87,2026-08-30,659.6,583.02
DT-022,Industrial Area B DT-22,Industrial Area B,250,87,2026-08-31,742.37,675.89
DT-023,Model Town DT-23,Model Town,100,60,2026-07-03,373.11,354.22
DT-023,Model Town DT-23,Model Town,100,60,2026-07-04,396.13,367.2
DT-023,Model Town DT-23,Model Town,100,60,2026-07-05,327.46,305.27
DT-023,Model Town DT-23,Model Town,100,60,2026-07-06,408.28,383.83
DT-023,Model Town DT-23,Model Town,100,60,2026-07-07,418.0,383.9
DT-023,Model Town DT-23,Model Town,100,60,2026-07-08,337.43,310.09
DT-023,Model Town DT-23,Model Town,100,60,2026-07-09,422.48,388.97
DT-023,Model Town DT-23,Model Town,100,60,2026-07-10,414.53,382.14
DT-023,Model Town DT-23,Model Town,100,60,2026-07-11,344.14,321.36
DT-023,Model Town DT-23,Model Town,100,60,2026-07-12,332.31,313.62
DT-023,Model Town DT-23,Model Town,100,60,2026-07-13,399.4,375.5
DT-023,Model Town DT-23,Model Town,100,60,2026-07-14,445.32,408.22
DT-023,Model Town DT-23,Model Town,100,60,2026-07-15,422.67,388.9
DT-023,Model Town DT-23,Model Town,100,60,2026-07-16,362.73,337.5
DT-023,Model Town DT-23,Model Town,100,60,2026-07-17,402.9,357.09
DT-023,Model Town DT-23,Model Town,100,60,2026-07-18,328.64,303.56
DT-023,Model Town DT-23,Model Town,100,60,2026-07-19,335.59,306.97
DT-023,Model Town DT-23,Model Town,100,60,2026-07-20,379.86,356.32
DT-023,Model Town DT-23,Model Town,100,60,2026-07-21,378.99,346.65
DT-023,Model Town DT-23,Model Town,100,60,2026-07-22,427.72,394.22
DT-023,Model Town DT-23,Model Town,100,60,2026-07-23,421.48,387.32
DT-023,Model Town DT-23,Model Town,100,60,2026-07-24,346.61,323.4
DT-023,Model Town DT-23,Model Town,100,60,2026-07-25,313.93,293.64
DT-023,Model Town DT-23,Model Town,100,60,2026-07-26,372.12,340.43
DT-023,Model Town DT-23,Model Town,100,60,2026-07-27,369.51,340.84
DT-023,Model Town DT-23,Model Town,100,60,2026-07-28,428.35,399.83
DT-023,Model Town DT-23,Model Town,100,60,2026-07-29,394.91,361.13
DT-023,Model Town DT-23,Model Town,100,60,2026-07-30,389.18,358.67
DT-023,Model Town DT-23,Model Town,100,60,2026-07-31,369.17,345.44
DT-023,Model Town DT-23,Model Town,100,60,2026-08-01,352.99,328.19
DT-023,Model Town DT-23,Model Town,100,60,2026-08-02,354.64,326.1
DT-023,Model Town DT-23,Model Town,100,60,2026-08-03,372.02,350.31
DT-023,Model Town DT-23,Model Town,100,60,2026-08-04,422.49,401.48
DT-023,Model Town DT-23,Model Town,100,60,2026-08-05,336.22,308.02
DT-023,Model Town DT-23,Model Town,100,60,2026-08-06,375.17,348.08
DT-023,Model Town DT-23,Model Town,100,60,2026-08-07,424.18,393.78
DT-023,Model Town DT-23,Model Town,100,60,2026-08-08,326.76,298.23
DT-023,Model Town DT-23,Model Town,100,60,2026-08-09,399.3,358.79
DT-023,Model Town DT-23,Model Town,100,60,2026-08-10,379.98,354.96
DT-023,Model Town DT-23,Model Town,100,60,2026-08-11,353.64,333.29
DT-023,Model Town DT-23,Model Town,100,60,2026-08-12,352.05,324.36
DT-023,Model Town DT-23,Model Town,100,60,2026-08-13,429.11,399.67
DT-023,Model Town DT-23,Model Town,100,60,2026-08-14,351.9,323.92
DT-023,Model Town DT-23,Model Town,100,60,2026-08-15,423.65,390.49
DT-023,Model Town DT-23,Model Town,100,60,2026-08-16,363.13,336.45
DT-023,Model Town DT-23,Model Town,100,60,2026-08-17,418.03,374.95
DT-023,Model Town DT-23,Model Town,100,60,2026-08-18,351.26,318.37
DT-023,Model Town DT-23,Model Town,100,60,2026-08-19,333.62,306.32
DT-023,Model Town DT-23,Model Town,100,60,2026-08-20,421.41,390.96
DT-023,Model Town DT-23,Model Town,100,60,2026-08-21,397.23,363.89
DT-023,Model Town DT-23,Model Town,100,60,2026-08-22,354.14,321.89
DT-023,Model Town DT-23,Model Town,100,60,2026-08-23,372.34,335.69
DT-023,Model Town DT-23,Model Town,100,60,2026-08-24,347.96,318.06
DT-023,Model Town DT-23,Model Town,100,60,2026-08-25,357.97,343.59
DT-023,Model Town DT-23,Model Town,100,60,2026-08-26,325.31,305.38
DT-023,Model Town DT-23,Model Town,100,60,2026-08-27,356.92,325.67
DT-023,Model Town DT-23,Model Town,100,60,2026-08-28,394.29,360.02
DT-023,Model Town DT-23,Model Town,100,60,2026-08-29,389.01,356.76
DT-023,Model Town DT-23,Model Town,100,60,2026-08-30,363.65,335.29
DT-023,Model Town DT-23,Model Town,100,60,2026-08-31,429.9,400.25
DT-024,Civil Lines DT-24,Civil Lines,315,105,2026-07-03,452.45,408.38
DT-024,Civil Lines DT-24,Civil Lines,315,105,2026-07-04,499.72,461.05
DT-024,Civil Lines DT-24,Civil Lines,315,105,2026-07-05,368.19,342.69
DT-024,Civil Lines DT-24,Civil Lines,315,105,2026-07-06,485.34,441.11
DT-024,Civil Lines DT-24,Civil Lines,315,105,2026-07-07,393.8,372.92
DT-024,Civil Lines DT-24,Civil Lines,315,105,2026-07-08,480.1,442.19
DT-024,Civil Lines DT-24,Civil Lines,315,105,2026-07-09,491.33,459.29
DT-024,Civil Lines DT-24,Civil Lines,315,105,2026-07-10,450.87,419.46
DT-024,Civil Lines DT-24,Civil Lines,315,105,2026-07-11,343.98,317.35
DT-024,Civil Lines DT-24,Civil Lines,315,105,2026-07-12,379.16,348.11
DT-024,Civil Lines DT-24,Civil Lines,315,105,2026-07-13,417.66,391.21
DT-024,Civil Lines DT-24,Civil Lines,315,105,2026-07-14,425.34,392.91
DT-024,Civil Lines DT-24,Civil Lines,315,105,2026-07-15,395.91,361.65
DT-024,Civil Lines DT-24,Civil Lines,315,105,2026-07-16,462.2,437.11
DT-024,Civil Lines DT-24,Civil Lines,315,105,2026-07-17,436.73,404.09
DT-024,Civil Lines DT-24,Civil Lines,315,105,2026-07-18,369.41,344.11
DT-024,Civil Lines DT-24,Civil Lines,315,105,2026-07-19,333.25,312.23
DT-024,Civil Lines DT-24,Civil Lines,315,105,2026-07-20,465.64,433.77
DT-024,Civil Lines DT-24,Civil Lines,315,105,2026-07-21,432.78,399.21
DT-024,Civil Lines DT-24,Civil Lines,315,105,2026-07-22,470.75,437.59
DT-024,Civil Lines DT-24,Civil Lines,315,105,2026-07-23,467.73,438.4
DT-024,Civil Lines DT-24,Civil Lines,315,105,2026-07-24,394.63,359.24
DT-024,Civil Lines DT-24,Civil Lines,315,105,2026-07-25,368.08,338.41
DT-024,Civil Lines DT-24,Civil Lines,315,105,2026-07-26,364.14,340.32
DT-024,Civil Lines DT-24,Civil Lines,315,105,2026-07-27,410.68,377.51
DT-024,Civil Lines DT-24,Civil Lines,315,105,2026-07-28,452.36,414.66
DT-024,Civil Lines DT-24,Civil Lines,315,105,2026-07-29,419.62,388.03
DT-024,Civil Lines DT-24,Civil Lines,315,105,2026-07-30,389.02,353.35
DT-024,Civil Lines DT-24,Civil Lines,315,105,2026-07-31,414.91,379.66
DT-024,Civil Lines DT-24,Civil Lines,315,105,2026-08-01,456.72,424.05
DT-024,Civil Lines DT-24,Civil Lines,315,105,2026-08-02,483.03,451.4
DT-024,Civil Lines DT-24,Civil Lines,315,105,2026-08-03,388.09,359.85
DT-024,Civil Lines DT-24,Civil Lines,315,105,2026-08-04,399.79,361.17
DT-024,Civil Lines DT-24,Civil Lines,315,105,2026-08-05,473.42,434.37
DT-024,Civil Lines DT-24,Civil Lines,315,105,2026-08-06,404.27,374.1
DT-024,Civil Lines DT-24,Civil Lines,315,105,2026-08-07,396.73,369.22
DT-024,Civil Lines DT-24,Civil Lines,315,105,2026-08-08,489.17,460.45
DT-024,Civil Lines DT-24,Civil Lines,315,105,2026-08-09,378.61,347.1
DT-024,Civil Lines DT-24,Civil Lines,315,105,2026-08-10,390.41,363.02
DT-024,Civil Lines DT-24,Civil Lines,315,105,2026-08-11,405.28,378.11
DT-024,Civil Lines DT-24,Civil Lines,315,105,2026-08-12,467.19,443.41
DT-024,Civil Lines DT-24,Civil Lines,315,105,2026-08-13,484.43,449.11
DT-024,Civil Lines DT-24,Civil Lines,315,105,2026-08-14,384.77,357.15
DT-024,Civil Lines DT-24,Civil Lines,315,105,2026-08-15,402.31,370.16
DT-024,Civil Lines DT-24,Civil Lines,315,105,2026-08-16,376.3,341.0
DT-024,Civil Lines DT-24,Civil Lines,315,105,2026-08-17,460.47,420.91
DT-024,Civil Lines DT-24,Civil Lines,315,105,2026-08-18,395.34,370.64
DT-024,Civil Lines DT-24,Civil Lines,315,105,2026-08-19,495.53,444.84
DT-024,Civil Lines DT-24,Civil Lines,315,105,2026-08-20,381.36,352.14
DT-024,Civil Lines DT-24,Civil Lines,315,105,2026-08-21,440.88,411.02
DT-024,Civil Lines DT-24,Civil Lines,315,105,2026-08-22,395.71,365.64
DT-024,Civil Lines DT-24,Civil Lines,315,105,2026-08-23,482.71,450.77
DT-024,Civil Lines DT-24,Civil Lines,315,105,2026-08-24,470.93,435.25
DT-024,Civil Lines DT-24,Civil Lines,315,105,2026-08-25,493.55,456.4
DT-024,Civil Lines DT-24,Civil Lines,315,105,2026-08-26,376.69,352.81
DT-024,Civil Lines DT-24,Civil Lines,315,105,2026-08-27,384.75,356.66
DT-024,Civil Lines DT-24,Civil Lines,315,105,2026-08-28,468.73,422.34
DT-024,Civil Lines DT-24,Civil Lines,315,105,2026-08-29,360.58,329.98
DT-024,Civil Lines DT-24,Civil Lines,315,105,2026-08-30,426.34,387.22
DT-024,Civil Lines DT-24,Civil Lines,315,105,2026-08-31,481.46,446.9
DT-025,Old City DT-25,Old City,160,101,2026-07-03,593.67,526.45
DT-025,Old City DT-25,Old City,160,101,2026-07-04,553.44,487.76
DT-025,Old City DT-25,Old City,160,101,2026-07-05,526.58,473.59
DT-025,Old City DT-25,Old City,160,101,2026-07-06,644.63,562.86
DT-025,Old City DT-25,Old City,160,101,2026-07-07,564.01,499.48
DT-025,Old City DT-25,Old City,160,101,2026-07-08,576.76,520.71
DT-025,Old City DT-25,Old City,160,101,2026-07-09,598.28,517.32
DT-025,Old City DT-25,Old City,160,101,2026-07-10,619.52,542.66
DT-025,Old City DT-25,Old City,160,101,2026-07-11,604.14,534.24
DT-025,Old City DT-25,Old City,160,101,2026-07-12,585.4,508.19
DT-025,Old City DT-25,Old City,160,101,2026-07-13,591.25,508.74
DT-025,Old City DT-25,Old City,160,101,2026-07-14,480.1,430.41
DT-025,Old City DT-25,Old City,160,101,2026-07-15,580.1,521.97
DT-025,Old City DT-25,Old City,160,101,2026-07-16,615.93,538.43
DT-025,Old City DT-25,Old City,160,101,2026-07-17,521.92,474.06
DT-025,Old City DT-25,Old City,160,101,2026-07-18,515.47,445.15
DT-025,Old City DT-25,Old City,160,101,2026-07-19,602.25,526.41
DT-025,Old City DT-25,Old City,160,101,2026-07-20,524.44,468.4
DT-025,Old City DT-25,Old City,160,101,2026-07-21,513.61,467.76
DT-025,Old City DT-25,Old City,160,101,2026-07-22,612.32,554.0
DT-025,Old City DT-25,Old City,160,101,2026-07-23,552.02,493.87
DT-025,Old City DT-25,Old City,160,101,2026-07-24,505.58,444.68
DT-025,Old City DT-25,Old City,160,101,2026-07-25,501.41,449.67
DT-025,Old City DT-25,Old City,160,101,2026-07-26,452.5,396.55
DT-025,Old City DT-25,Old City,160,101,2026-07-27,652.71,571.05
DT-025,Old City DT-25,Old City,160,101,2026-07-28,562.36,483.73
DT-025,Old City DT-25,Old City,160,101,2026-07-29,568.7,503.24
DT-025,Old City DT-25,Old City,160,101,2026-07-30,589.43,516.52
DT-025,Old City DT-25,Old City,160,101,2026-07-31,547.35,478.98
DT-025,Old City DT-25,Old City,160,101,2026-08-01,476.76,425.84
DT-025,Old City DT-25,Old City,160,101,2026-08-02,475.89,416.2
DT-025,Old City DT-25,Old City,160,101,2026-08-03,622.3,566.28
DT-025,Old City DT-25,Old City,160,101,2026-08-04,523.14,468.97
DT-025,Old City DT-25,Old City,160,101,2026-08-05,628.11,540.94
DT-025,Old City DT-25,Old City,160,101,2026-08-06,594.17,513.45
DT-025,Old City DT-25,Old City,160,101,2026-08-07,527.63,481.27
DT-025,Old City DT-25,Old City,160,101,2026-08-08,483.19,424.05
DT-025,Old City DT-25,Old City,160,101,2026-08-09,560.67,493.08
DT-025,Old City DT-25,Old City,160,101,2026-08-10,590.65,532.86
DT-025,Old City DT-25,Old City,160,101,2026-08-11,579.53,532.56
DT-025,Old City DT-25,Old City,160,101,2026-08-12,602.24,535.33
DT-025,Old City DT-25,Old City,160,101,2026-08-13,600.56,535.36
DT-025,Old City DT-25,Old City,160,101,2026-08-14,512.56,460.73
DT-025,Old City DT-25,Old City,160,101,2026-08-15,493.75,433.27
DT-025,Old City DT-25,Old City,160,101,2026-08-16,484.05,430.99
DT-025,Old City DT-25,Old City,160,101,2026-08-17,622.31,562.89
DT-025,Old City DT-25,Old City,160,101,2026-08-18,626.48,543.62
DT-025,Old City DT-25,Old City,160,101,2026-08-19,565.27,496.55
DT-025,Old City DT-25,Old City,160,101,2026-08-20,612.49,526.14
DT-025,Old City DT-25,Old City,160,101,2026-08-21,629.51,555.47
DT-025,Old City DT-25,Old City,160,101,2026-08-22,461.25,411.07
DT-025,Old City DT-25,Old City,160,101,2026-08-23,493.78,430.04
DT-025,Old City DT-25,Old City,160,101,2026-08-24,564.04,491.41
DT-025,Old City DT-25,Old City,160,101,2026-08-25,476.29,423.97
DT-025,Old City DT-25,Old City,160,101,2026-08-26,634.75,562.71
DT-025,Old City DT-25,Old City,160,101,2026-08-27,638.42,559.94
DT-025,Old City DT-25,Old City,160,101,2026-08-28,568.46,498.74
DT-025,Old City DT-25,Old City,160,101,2026-08-29,587.08,519.86
DT-025,Old City DT-25,Old City,160,101,2026-08-30,533.41,472.04
DT-025,Old City DT-25,Old City,160,101,2026-08-31,568.2,504.74
DT-026,Ram Nagar DT-26,Ram Nagar,630,48,2026-07-03,444.81,436.32
DT-026,Ram Nagar DT-26,Ram Nagar,630,48,2026-07-04,427.68,403.81
DT-026,Ram Nagar DT-26,Ram Nagar,630,48,2026-07-05,416.29,395.4
DT-026,Ram Nagar DT-26,Ram Nagar,630,48,2026-07-06,447.19,422.87
DT-026,Ram Nagar DT-26,Ram Nagar,630,48,2026-07-07,498.93,468.27
DT-026,Ram Nagar DT-26,Ram Nagar,630,48,2026-07-08,393.96,363.73
DT-026,Ram Nagar DT-26,Ram Nagar,630,48,2026-07-09,408.9,394.68
DT-026,Ram Nagar DT-26,Ram Nagar,630,48,2026-07-10,495.66,470.02
DT-026,Ram Nagar DT-26,Ram Nagar,630,48,2026-07-11,462.72,436.65
DT-026,Ram Nagar DT-26,Ram Nagar,630,48,2026-07-12,424.75,406.84
DT-026,Ram Nagar DT-26,Ram Nagar,630,48,2026-07-13,485.63,467.96
DT-026,Ram Nagar DT-26,Ram Nagar,630,48,2026-07-14,501.22,472.59
DT-026,Ram Nagar DT-26,Ram Nagar,630,48,2026-07-15,427.64,406.63
DT-026,Ram Nagar DT-26,Ram Nagar,630,48,2026-07-16,413.97,396.14
DT-026,Ram Nagar DT-26,Ram Nagar,630,48,2026-07-17,478.63,455.65
DT-026,Ram Nagar DT-26,Ram Nagar,630,48,2026-07-18,483.57,456.8
DT-026,Ram Nagar DT-26,Ram Nagar,630,48,2026-07-19,421.73,392.63
DT-026,Ram Nagar DT-26,Ram Nagar,630,48,2026-07-20,391.85,361.51
DT-026,Ram Nagar DT-26,Ram Nagar,630,48,2026-07-21,405.47,391.03
DT-026,Ram Nagar DT-26,Ram Nagar,630,48,2026-07-22,486.89,462.54
DT-026,Ram Nagar DT-26,Ram Nagar,630,48,2026-07-23,436.41,407.71
DT-026,Ram Nagar DT-26,Ram Nagar,630,48,2026-07-24,474.71,446.11
DT-026,Ram Nagar DT-26,Ram Nagar,630,48,2026-07-25,427.96,403.06
DT-026,Ram Nagar DT-26,Ram Nagar,630,48,2026-07-26,382.38,363.66
DT-026,Ram Nagar DT-26,Ram Nagar,630,48,2026-07-27,445.44,422.85
DT-026,Ram Nagar DT-26,Ram Nagar,630,48,2026-07-28,451.39,431.64
DT-026,Ram Nagar DT-26,Ram Nagar,630,48,2026-07-29,436.62,401.19
DT-026,Ram Nagar DT-26,Ram Nagar,630,48,2026-07-30,491.01,466.0
DT-026,Ram Nagar DT-26,Ram Nagar,630,48,2026-07-31,381.36,368.1
DT-026,Ram Nagar DT-26,Ram Nagar,630,48,2026-08-01,470.05,451.44
DT-026,Ram Nagar DT-26,Ram Nagar,630,48,2026-08-02,456.06,427.08
DT-026,Ram Nagar DT-26,Ram Nagar,630,48,2026-08-03,484.58,449.26
DT-026,Ram Nagar DT-26,Ram Nagar,630,48,2026-08-04,383.73,370.79
DT-026,Ram Nagar DT-26,Ram Nagar,630,48,2026-08-05,488.65,455.21
DT-026,Ram Nagar DT-26,Ram Nagar,630,48,2026-08-06,481.6,461.42
DT-026,Ram Nagar DT-26,Ram Nagar,630,48,2026-08-07,425.2,398.3
DT-026,Ram Nagar DT-26,Ram Nagar,630,48,2026-08-08,488.15,455.24
DT-026,Ram Nagar DT-26,Ram Nagar,630,48,2026-08-09,443.39,411.96
DT-026,Ram Nagar DT-26,Ram Nagar,630,48,2026-08-10,416.76,392.26
DT-026,Ram Nagar DT-26,Ram Nagar,630,48,2026-08-11,509.55,472.15
DT-026,Ram Nagar DT-26,Ram Nagar,630,48,2026-08-12,392.33,364.38
DT-026,Ram Nagar DT-26,Ram Nagar,630,48,2026-08-13,407.85,385.58
DT-026,Ram Nagar DT-26,Ram Nagar,630,48,2026-08-14,436.05,410.33
DT-026,Ram Nagar DT-26,Ram Nagar,630,48,2026-08-15,479.14,443.34
DT-026,Ram Nagar DT-26,Ram Nagar,630,48,2026-08-16,442.1,416.16
DT-026,Ram Nagar DT-26,Ram Nagar,630,48,2026-08-17,419.17,385.98
DT-026,Ram Nagar DT-26,Ram Nagar,630,48,2026-08-18,392.72,371.68
DT-026,Ram Nagar DT-26,Ram Nagar,630,48,2026-08-19,507.04,477.84
DT-026,Ram Nagar DT-26,Ram Nagar,630,48,2026-08-20,495.88,472.86
DT-026,Ram Nagar DT-26,Ram Nagar,630,48,2026-08-21,466.01,437.33
DT-026,Ram Nagar DT-26,Ram Nagar,630,48,2026-08-22,468.18,435.14
DT-026,Ram Nagar DT-26,Ram Nagar,630,48,2026-08-23,455.99,436.92
DT-026,Ram Nagar DT-26,Ram Nagar,630,48,2026-08-24,433.97,419.94
DT-026,Ram Nagar DT-26,Ram Nagar,630,48,2026-08-25,409.86,394.84
DT-026,Ram Nagar DT-26,Ram Nagar,630,48,2026-08-26,413.4,401.18
DT-026,Ram Nagar DT-26,Ram Nagar,630,48,2026-08-27,382.24,365.87
DT-026,Ram Nagar DT-26,Ram Nagar,630,48,2026-08-28,376.88,358.91
DT-026,Ram Nagar DT-26,Ram Nagar,630,48,2026-08-29,457.8,433.28
DT-026,Ram Nagar DT-26,Ram Nagar,630,48,2026-08-30,424.99,408.1
DT-026,Ram Nagar DT-26,Ram Nagar,630,48,2026-08-31,508.95,478.77
DT-027,Green Park DT-27,Green Park,630,114,2026-07-03,444.45,423.99
DT-027,Green Park DT-27,Green Park,630,114,2026-07-04,424.75,397.7
DT-027,Green Park DT-27,Green Park,630,114,2026-07-05,486.34,455.85
DT-027,Green Park DT-27,Green Park,630,114,2026-07-06,497.93,459.54
DT-027,Green Park DT-27,Green Park,630,114,2026-07-07,424.69,391.78
DT-027,Green Park DT-27,Green Park,630,114,2026-07-08,473.43,446.03
DT-027,Green Park DT-27,Green Park,630,114,2026-07-09,414.07,384.39
DT-027,Green Park DT-27,Green Park,630,114,2026-07-10,424.74,390.06
DT-027,Green Park DT-27,Green Park,630,114,2026-07-11,434.95,408.93
DT-027,Green Park DT-27,Green Park,630,114,2026-07-12,370.82,346.27
DT-027,Green Park DT-27,Green Park,630,114,2026-07-13,498.56,476.4
DT-027,Green Park DT-27,Green Park,630,114,2026-07-14,503.0,467.25
DT-027,Green Park DT-27,Green Park,630,114,2026-07-15,382.19,363.23
DT-027,Green Park DT-27,Green Park,630,114,2026-07-16,473.27,439.08
DT-027,Green Park DT-27,Green Park,630,114,2026-07-17,408.41,388.01
DT-027,Green Park DT-27,Green Park,630,114,2026-07-18,437.8,417.03
DT-027,Green Park DT-27,Green Park,630,114,2026-07-19,483.93,451.41
DT-027,Green Park DT-27,Green Park,630,114,2026-07-20,401.49,370.42
DT-027,Green Park DT-27,Green Park,630,114,2026-07-21,401.66,377.17
DT-027,Green Park DT-27,Green Park,630,114,2026-07-22,496.78,469.21
DT-027,Green Park DT-27,Green Park,630,114,2026-07-23,383.18,358.42
DT-027,Green Park DT-27,Green Park,630,114,2026-07-24,467.58,449.8
DT-027,Green Park DT-27,Green Park,630,114,2026-07-25,438.95,411.95
DT-027,Green Park DT-27,Green Park,630,114,2026-07-26,404.19,389.69
DT-027,Green Park DT-27,Green Park,630,114,2026-07-27,381.94,359.23
DT-027,Green Park DT-27,Green Park,630,114,2026-07-28,374.35,358.33
DT-027,Green Park DT-27,Green Park,630,114,2026-07-29,417.2,400.86
DT-027,Green Park DT-27,Green Park,630,114,2026-07-30,471.37,437.04
DT-027,Green Park DT-27,Green Park,630,114,2026-07-31,471.32,450.34
DT-027,Green Park DT-27,Green Park,630,114,2026-08-01,442.62,417.5
DT-027,Green Park DT-27,Green Park,630,114,2026-08-02,399.11,368.18
DT-027,Green Park DT-27,Green Park,630,114,2026-08-03,478.59,443.29
DT-027,Green Park DT-27,Green Park,630,114,2026-08-04,445.3,409.3
DT-027,Green Park DT-27,Green Park,630,114,2026-08-05,484.76,453.53
DT-027,Green Park DT-27,Green Park,630,114,2026-08-06,428.82,399.48
DT-027,Green Park DT-27,Green Park,630,114,2026-08-07,492.71,467.56
DT-027,Green Park DT-27,Green Park,630,114,2026-08-08,393.75,372.21
DT-027,Green Park DT-27,Green Park,630,114,2026-08-09,513.13,477.02
DT-027,Green Park DT-27,Green Park,630,114,2026-08-10,488.1,463.25
DT-027,Green Park DT-27,Green Park,630,114,2026-08-11,430.63,405.26
DT-027,Green Park DT-27,Green Park,630,114,2026-08-12,419.15,400.84
DT-027,Green Park DT-27,Green Park,630,114,2026-08-13,394.52,380.63
DT-027,Green Park DT-27,Green Park,630,114,2026-08-14,419.41,391.35
DT-027,Green Park DT-27,Green Park,630,114,2026-08-15,466.98,445.4
DT-027,Green Park DT-27,Green Park,630,114,2026-08-16,400.32,378.66
DT-027,Green Park DT-27,Green Park,630,114,2026-08-17,395.39,370.32
DT-027,Green Park DT-27,Green Park,630,114,2026-08-18,475.29,447.89
DT-027,Green Park DT-27,Green Park,630,114,2026-08-19,487.93,458.62
DT-027,Green Park DT-27,Green Park,630,114,2026-08-20,520.41,478.74
DT-027,Green Park DT-27,Green Park,630,114,2026-08-21,411.77,382.0
DT-027,Green Park DT-27,Green Park,630,114,2026-08-22,463.35,431.79
DT-027,Green Park DT-27,Green Park,630,114,2026-08-23,424.98,403.1
DT-027,Green Park DT-27,Green Park,630,114,2026-08-24,482.98,453.05
DT-027,Green Park DT-27,Green Park,630,114,2026-08-25,406.34,382.06
DT-027,Green Park DT-27,Green Park,630,114,2026-08-26,428.81,400.94
DT-027,Green Park DT-27,Green Park,630,114,2026-08-27,494.74,466.72
DT-027,Green Park DT-27,Green Park,630,114,2026-08-28,497.52,475.18
DT-027,Green Park DT-27,Green Park,630,114,2026-08-29,493.79,460.76
DT-027,Green Park DT-27,Green Park,630,114,2026-08-30,485.35,465.0
DT-027,Green Park DT-27,Green Park,630,114,2026-08-31,490.12,464.72
DT-028,Shastri Nagar DT-28,Shastri Nagar,400,68,2026-07-03,529.19,508.63
DT-028,Shastri Nagar DT-28,Shastri Nagar,400,68,2026-07-04,546.21,520.43
DT-028,Shastri Nagar DT-28,Shastri Nagar,400,68,2026-07-05,403.98,381.66
DT-028,Shastri Nagar DT-28,Shastri Nagar,400,68,2026-07-06,487.39,465.39
DT-028,Shastri Nagar DT-28,Shastri Nagar,400,68,2026-07-07,552.4,522.49
DT-028,Shastri Nagar DT-28,Shastri Nagar,400,68,2026-07-08,531.43,515.79
DT-028,Shastri Nagar DT-28,Shastri Nagar,400,68,2026-07-09,448.13,414.31
DT-028,Shastri Nagar DT-28,Shastri Nagar,400,68,2026-07-10,561.47,524.6
DT-028,Shastri Nagar DT-28,Shastri Nagar,400,68,2026-07-11,385.8,367.39
DT-028,Shastri Nagar DT-28,Shastri Nagar,400,68,2026-07-12,464.28,429.05
DT-028,Shastri Nagar DT-28,Shastri Nagar,400,68,2026-07-13,558.16,543.02
DT-028,Shastri Nagar DT-28,Shastri Nagar,400,68,2026-07-14,457.52,446.73
DT-028,Shastri Nagar DT-28,Shastri Nagar,400,68,2026-07-15,462.19,430.92
DT-028,Shastri Nagar DT-28,Shastri Nagar,400,68,2026-07-16,445.33,423.77
DT-028,Shastri Nagar DT-28,Shastri Nagar,400,68,2026-07-17,574.37,549.19
DT-028,Shastri Nagar DT-28,Shastri Nagar,400,68,2026-07-18,492.81,474.17
DT-028,Shastri Nagar DT-28,Shastri Nagar,400,68,2026-07-19,455.69,431.9
DT-028,Shastri Nagar DT-28,Shastri Nagar,400,68,2026-07-20,551.67,541.0
DT-028,Shastri Nagar DT-28,Shastri Nagar,400,68,2026-07-21,433.28,409.11
DT-028,Shastri Nagar DT-28,Shastri Nagar,400,68,2026-07-22,545.06,527.29
DT-028,Shastri Nagar DT-28,Shastri Nagar,400,68,2026-07-23,497.8,481.28
DT-028,Shastri Nagar DT-28,Shastri Nagar,400,68,2026-07-24,542.57,524.14
DT-028,Shastri Nagar DT-28,Shastri Nagar,400,68,2026-07-25,386.53,372.78
DT-028,Shastri Nagar DT-28,Shastri Nagar,400,68,2026-07-26,429.03,410.63
DT-028,Shastri Nagar DT-28,Shastri Nagar,400,68,2026-07-27,555.19,516.27
DT-028,Shastri Nagar DT-28,Shastri Nagar,400,68,2026-07-28,553.32,525.88
DT-028,Shastri Nagar DT-28,Shastri Nagar,400,68,2026-07-29,504.89,474.87
DT-028,Shastri Nagar DT-28,Shastri Nagar,400,68,2026-07-30,466.17,438.67
DT-028,Shastri Nagar DT-28,Shastri Nagar,400,68,2026-07-31,507.91,470.69
DT-028,Shastri Nagar DT-28,Shastri Nagar,400,68,2026-08-01,486.55,453.13
DT-028,Shastri Nagar DT-28,Shastri Nagar,400,68,2026-08-02,441.66,414.85
DT-028,Shastri Nagar DT-28,Shastri Nagar,400,68,2026-08-03,434.48,423.42
DT-028,Shastri Nagar DT-28,Shastri Nagar,400,68,2026-08-04,480.44,461.82
DT-028,Shastri Nagar DT-28,Shastri Nagar,400,68,2026-08-05,460.88,430.12
DT-028,Shastri Nagar DT-28,Shastri Nagar,400,68,2026-08-06,532.47,496.28
DT-028,Shastri Nagar DT-28,Shastri Nagar,400,68,2026-08-07,428.17,409.79
DT-028,Shastri Nagar DT-28,Shastri Nagar,400,68,2026-08-08,391.47,375.93
DT-028,Shastri Nagar DT-28,Shastri Nagar,400,68,2026-08-09,470.5,456.63
DT-028,Shastri Nagar DT-28,Shastri Nagar,400,68,2026-08-10,482.78,467.57
DT-028,Shastri Nagar DT-28,Shastri Nagar,400,68,2026-08-11,559.95,541.01
DT-028,Shastri Nagar DT-28,Shastri Nagar,400,68,2026-08-12,543.98,514.5
DT-028,Shastri Nagar DT-28,Shastri Nagar,400,68,2026-08-13,539.51,529.58
DT-028,Shastri Nagar DT-28,Shastri Nagar,400,68,2026-08-14,547.91,512.19
DT-028,Shastri Nagar DT-28,Shastri Nagar,400,68,2026-08-15,525.82,499.7
DT-028,Shastri Nagar DT-28,Shastri Nagar,400,68,2026-08-16,515.13,484.71
DT-028,Shastri Nagar DT-28,Shastri Nagar,400,68,2026-08-17,532.54,510.72
DT-028,Shastri Nagar DT-28,Shastri Nagar,400,68,2026-08-18,464.84,445.24
DT-028,Shastri Nagar DT-28,Shastri Nagar,400,68,2026-08-19,483.31,455.59
DT-028,Shastri Nagar DT-28,Shastri Nagar,400,68,2026-08-20,427.44,422.45
DT-028,Shastri Nagar DT-28,Shastri Nagar,400,68,2026-08-21,534.56,503.15
DT-028,Shastri Nagar DT-28,Shastri Nagar,400,68,2026-08-22,574.93,536.07
DT-028,Shastri Nagar DT-28,Shastri Nagar,400,68,2026-08-23,480.06,475.16
DT-028,Shastri Nagar DT-28,Shastri Nagar,400,68,2026-08-24,465.12,444.82
DT-028,Shastri Nagar DT-28,Shastri Nagar,400,68,2026-08-25,464.04,442.08
DT-028,Shastri Nagar DT-28,Shastri Nagar,400,68,2026-08-26,568.57,536.66
DT-028,Shastri Nagar DT-28,Shastri Nagar,400,68,2026-08-27,541.82,519.94
DT-028,Shastri Nagar DT-28,Shastri Nagar,400,68,2026-08-28,556.03,520.6
DT-028,Shastri Nagar DT-28,Shastri Nagar,400,68,2026-08-29,448.38,434.41
DT-028,Shastri Nagar DT-28,Shastri Nagar,400,68,2026-08-30,506.58,487.72
DT-028,Shastri Nagar DT-28,Shastri Nagar,400,68,2026-08-31,505.0,486.31
